Dates,Crude Oil Production,Dry Natural Gas Production,Coal Production,Total Energy Production (qBtu),Liquid Fuels Consumption,Natural Gas Consumption,Coal Consumption,Electricity Consumption,Renewables Consumption,Total Energy Consumption (qBtu),Crude Oil ($/barrel),Natural Gas ($/mBtu) ,Coal ($/mBtu),Real Gross Domestic Product (Trillions),RGDP Percent change YOY (%),GDP Implicit Price Deflator,GDP IPD Percent change YOY (%),Real Disposable Personal Income,RDPI Percent change YOY (%),Manufacturing Production Index,MPI Percent change YOY (%)
1/1/1990,7.55,52.17,91,5.32,16.96,0,78,8.11,0,5.82,22.86,0,1.45,10.047,2.8,58.4,3.6,7187,2.2,58,-2.1
2/1/1990,7.5,51.45,82,5.06,17.18,0,69,7.97,0,5.61,22.11,0,1.47,10.047,2.8,58.4,3.6,7203,2.1,58.8,0.3
3/1/1990,7.43,49.3,92,5.24,17.09,0,72,7.25,0,5.6,20.39,0,1.46,10.047,2.8,58.4,3.6,7206,1.7,59.1,0.9
4/1/1990,7.41,48.29,83,4.97,16.78,0,68,7.18,0,5.44,18.43,0,1.47,10.084,2.4,59.1,3.7,7253,2.9,58.9,0.4
5/1/1990,7.33,47.26,87,5.03,16.92,0,70,7.04,0,5.5,18.2,0,1.48,10.084,2.4,59.1,3.7,7246,3.3,59,1.5
6/1/1990,7.11,47.49,85,4.94,17.17,0,76,7.89,0,5.79,16.7,0,1.47,10.084,2.4,59.1,3.7,7257,3.1,59.2,1.7
7/1/1990,7.17,46.73,80,4.8,17.08,0,82,8.46,0,5.99,18.45,0,1.45,10.091,1.7,59.6,3.8,7284,3.1,59.1,2.7
8/1/1990,7.29,46.91,92,5.14,18.05,0,84,8.5,0,6.21,27.31,0,1.45,10.091,1.7,59.6,3.8,7239,2.2,59.3,2
9/1/1990,7.22,46.43,83,4.88,16.51,0,77,8.52,0,5.76,33.51,0,1.45,10.091,1.7,59.6,3.8,7237,1.9,59.3,2.1
10/1/1990,7.54,48.87,93,5.27,16.93,0,76,7.51,0,5.71,36.04,0,1.46,9.999,0.6,60.1,3.9,7179,0.6,58.9,1.7
11/1/1990,7.39,50.4,87,5.14,16.7,0,72,7.32,0,5.54,32.33,0,1.45,9.999,0.6,60.1,3.9,7182,0.5,58.2,0.3
12/1/1990,7.34,50.4,76,4.84,16.5,0,80,7.53,0,5.74,27.28,0,1.42,9.999,0.6,60.1,3.9,7225,1.1,57.7,-0.6
1/1/1991,7.5,51.93,86,5.18,16.89,0,83,8.14,0,5.95,25.23,0,1.45,9.952,-1,60.7,3.8,7206,0.3,57.3,-1.1
2/1/1991,7.64,50.59,83,5.08,16.34,0,69,8.16,0,5.49,20.48,0,1.47,9.952,-1,60.7,3.8,7217,0.2,56.9,-3.2
3/1/1991,7.55,49.5,85,5.08,16.21,0,70,7.23,0,5.39,19.9,0,1.46,9.952,-1,60.7,3.8,7229,0.3,56.5,-4.4
4/1/1991,7.51,48.74,80,4.92,16.14,0,65,7.19,0,5.25,20.83,0,1.47,10.03,-0.5,61.1,3.4,7258,0.1,56.7,-3.6
5/1/1991,7.41,46.88,80,4.85,16.19,0,71,7.33,0,5.43,21.23,0,1.48,10.03,-0.5,61.1,3.4,7260,0.2,57.2,-3.2
6/1/1991,7.32,46.17,77,4.73,16.88,0,76,8.26,0,5.77,20.19,0,1.47,10.03,-0.5,61.1,3.4,7297,0.5,57.7,-2.6
7/1/1991,7.35,45.13,80,4.78,16.97,0,82,8.62,0,5.98,21.4,0,1.43,10.08,-0.1,61.6,3.3,7282,0,58,-1.8
8/1/1991,7.32,45.31,89,5.02,17.18,0,82,8.7,0,6.03,21.69,0,1.43,10.08,-0.1,61.6,3.3,7298,0.8,58.1,-2.1
9/1/1991,7.37,46.6,82,4.88,16.85,0,75,8.51,0,5.77,21.89,0,1.43,10.08,-0.1,61.6,3.3,7318,1.1,58.7,-0.9
10/1/1991,7.44,48.68,91,5.2,17,0,73,7.5,0,5.64,23.23,0,1.44,10.115,1.2,61.9,3.1,7328,2.1,58.6,-0.4
11/1/1991,7.33,50.92,82,5.01,16.73,0,75,7.57,0,5.65,22.46,0,1.43,10.115,1.2,61.9,3.1,7338,2.2,58.5,0.7
12/1/1991,7.3,51.53,80,4.97,17.14,0,78,7.7,0,5.81,19.5,0,1.4,10.115,1.2,61.9,3.1,7404,2.5,58.4,1.2
1/1/1992,7.36,51.15,88,5.18,17.01,0,79,8.09,0,5.86,18.79,0,1.4,10.236,2.9,62.2,2.5,7475,3.7,58.1,1.3
2/1/1992,7.39,48.22,82,4.94,16.89,0,71,8.17,0,5.64,19.01,0,1.42,10.236,2.9,62.2,2.5,7507,4,58.6,3.1
3/1/1992,7.35,47.59,86,5.02,16.82,0,74,7.45,0,5.63,18.92,0,1.43,10.236,2.9,62.2,2.5,7514,3.9,59.3,4.9
4/1/1992,7.29,48.25,82,4.92,16.76,0,69,7.41,0,5.48,20.23,0,1.43,10.347,3.2,62.5,2.4,7535,3.8,59.6,5
5/1/1992,7.17,47.89,80,4.84,16.48,0,71,7.21,0,5.47,20.98,0,1.43,10.347,3.2,62.5,2.4,7570,4.3,60,4.9
6/1/1992,7.17,48.15,80,4.84,16.98,0,74,7.94,0,5.71,22.39,0,1.42,10.347,3.2,62.5,2.4,7602,4.2,60.2,4.2
7/1/1992,7.13,48.09,81,4.86,17.14,0,85,8.54,0,6.08,21.77,0,1.39,10.45,3.7,62.8,2.1,7596,4.3,60.7,4.6
8/1/1992,6.92,46.82,85,4.89,16.93,0,81,8.54,0,5.94,21.34,0,1.4,10.45,3.7,62.8,2.1,7623,4.4,60.4,4.1
9/1/1992,7.03,47.91,84,4.92,16.88,0,76,8.37,0,5.79,21.88,0,1.42,10.45,3.7,62.8,2.1,7587,3.7,60.5,3.1
10/1/1992,7.13,49.44,86,5.03,17.45,0,74,7.62,0,5.76,21.69,0,1.41,10.559,4.4,63.3,2.2,7538,2.9,60.9,3.9
11/1/1992,7.02,50.45,80,4.89,17.09,0,74,7.66,0,5.7,20.34,0,1.42,10.559,4.4,63.3,2.2,7549,2.9,61.2,4.5
12/1/1992,7.1,50.92,83,5,17.93,0,81,7.98,0,6.06,19.41,0,1.39,10.559,4.4,63.3,2.2,7819,5.6,61.1,4.7
1/1/1993,6.96,50.67,81,4.91,16.17,0,81,8.23,0,5.78,19.03,0,1.39,10.576,3.3,63.7,2.4,7648,2.3,61.7,6.2
2/1/1993,6.94,50.42,77,4.8,17.33,0,75,8.56,0,5.86,20.09,0,1.39,10.576,3.3,63.7,2.4,7685,2.4,61.8,5.5
3/1/1993,6.97,50.01,86,5.02,17.58,0,78,7.89,0,5.91,20.32,0,1.38,10.576,3.3,63.7,2.4,7661,2,61.7,4.1
4/1/1993,6.88,49.01,79,4.79,16.78,0,70,7.55,0,5.53,20.25,0,1.39,10.638,2.8,64,2.4,7701,2.2,62,4.1
5/1/1993,6.85,48.22,74,4.63,16.51,0,70,7.24,0,5.45,19.95,0,1.4,10.638,2.8,64,2.4,7689,1.6,62,3.4
6/1/1993,6.79,48.15,81,4.8,17.1,0,79,8.27,0,5.89,19.09,0,1.39,10.638,2.8,64,2.4,7675,1,61.9,2.8
7/1/1993,6.69,47.59,71,4.51,17.36,0,89,9.1,0,6.28,17.89,0,1.38,10.689,2.3,64.3,2.4,7694,1.3,62,2.2
8/1/1993,6.76,48.17,76,4.67,17.33,0,89,9.26,0,6.3,18.01,0,1.37,10.689,2.3,64.3,2.4,7705,1.1,61.9,2.5
9/1/1993,6.71,48.8,80,4.78,17.65,0,77,8.82,0,5.99,17.5,0,1.39,10.689,2.3,64.3,2.4,7684,1.3,62.4,3.1
10/1/1993,6.84,49.83,81,4.87,17.32,0,76,7.75,0,5.8,18.15,0,1.41,10.834,2.6,64.7,2.3,7647,1.4,62.9,3.3
11/1/1993,6.91,51.65,80,4.91,17.78,0,77,7.83,0,5.91,16.61,0,1.38,10.834,2.6,64.7,2.3,7668,1.6,63.2,3.4
12/1/1993,6.86,52.48,80,4.93,17.95,0,84,8.18,0,6.16,14.52,0,1.36,10.834,2.6,64.7,2.3,7929,1.4,63.7,4.1
1/1/1994,6.82,52.08,77,4.83,18.07,0,88,8.83,0,6.35,15.03,0,1.36,10.939,3.4,65.1,2.2,7780,1.7,63.7,3.3
2/1/1994,6.77,51.67,82,4.94,18.34,0,77,8.95,0,6.12,14.78,0,1.37,10.939,3.4,65.1,2.2,7795,1.4,63.8,3.2
3/1/1994,6.75,52.25,96,5.32,17.32,0,78,7.87,0,5.86,14.68,0,1.36,10.939,3.4,65.1,2.2,7821,2.1,64.7,4.8
4/1/1994,6.61,51.31,88,5.06,17.49,0,71,7.72,0,5.69,16.42,0,1.38,11.087,4.2,65.4,2.1,7820,1.6,65.3,5.2
5/1/1994,6.69,51.4,82,4.91,17.18,0,74,7.51,0,5.7,17.89,0,1.38,11.087,4.2,65.4,2.1,7911,2.9,65.7,6
6/1/1994,6.61,50.68,87,5.01,17.82,0,84,8.82,0,6.2,19.06,0,1.37,11.087,4.2,65.4,2.1,7898,2.9,65.9,6.6
7/1/1994,6.5,50.81,78,4.76,17.48,0,88,9.39,0,6.31,19.66,0,1.35,11.152,4.3,65.7,2.1,7905,2.7,66.2,6.8
8/1/1994,6.54,51.03,94,5.19,18.12,0,87,9.22,0,6.38,18.38,0,1.35,11.152,4.3,65.7,2.1,7914,2.7,66.8,7.8
9/1/1994,6.61,50.06,89,5.04,17.49,0,77,8.89,0,5.97,17.45,0,1.36,11.152,4.3,65.7,2.1,7949,3.4,67,7.4
10/1/1994,6.66,50.32,86,4.98,17.72,0,75,7.94,0,5.86,17.72,0,1.35,11.28,4.1,66.1,2.1,8024,4.9,67.7,7.6
11/1/1994,6.63,53.46,87,5.1,17.32,0,73,7.95,0,5.74,18.07,0,1.33,11.28,4.1,66.1,2.1,8024,4.6,68.3,8
12/1/1994,6.76,53.68,88,5.16,18.32,0,80,8.24,0,6.13,17.16,0,1.3,11.28,4.1,66.1,2.1,8060,1.6,69,8.5
1/1/1995,6.68,51.57,89,5.1,17.22,0,83,8.63,0,6.05,18.04,0,1.33,11.32,3.5,66.5,2.2,8086,3.9,69.2,8.5
2/1/1995,6.79,50.92,84,4.97,18.28,0,75,8.94,0,6.06,18.57,0,1.33,11.32,3.5,66.5,2.2,8102,3.9,69,8.1
3/1/1995,6.6,51.05,94,5.2,17.48,0,75,8.02,0,5.83,18.54,0,1.34,11.32,3.5,66.5,2.2,8124,3.9,69.2,6.9
4/1/1995,6.6,50.98,81,4.86,17.14,0,70,7.8,0,5.61,19.9,0,1.34,11.354,2.4,66.8,2.2,8064,3.1,69,5.7
5/1/1995,6.63,50.71,84,4.94,17.29,0,73,7.79,0,5.72,19.74,0,1.34,11.354,2.4,66.8,2.2,8146,3,69.2,5.4
6/1/1995,6.58,50.44,85,4.94,18.13,0,80,8.89,0,6.16,18.45,0,1.33,11.354,2.4,66.8,2.2,8170,3.4,69.6,5.5
7/1/1995,6.45,50.43,80,4.79,17.15,0,91,9.54,0,6.34,17.33,0,1.3,11.45,2.7,67.1,2.1,8188,3.6,69.1,4.3
8/1/1995,6.45,50.08,89,5.02,18.05,0,95,10.13,0,6.67,18.02,0,1.31,11.45,2.7,67.1,2.1,8193,3.5,69.9,4.7
9/1/1995,6.42,50.24,89,5.01,18.03,0,80,9.29,0,6.18,18.23,0,1.32,11.45,2.7,67.1,2.1,8219,3.4,70.6,5.3
10/1/1995,6.42,49.53,91,5.05,17.65,0,77,8.19,0,5.93,17.43,0,1.3,11.528,2.2,67.4,2,8228,2.5,70.5,4.1
11/1/1995,6.59,52.66,87,5.07,17.98,0,79,8.26,0,6.04,17.99,0,1.3,11.528,2.2,67.4,2,8251,2.8,70.6,3.4
12/1/1995,6.53,52.87,81,4.91,18.37,0,86,8.57,0,6.33,19.03,0,1.28,11.528,2.2,67.4,2,8261,2.5,70.9,2.6
1/1/1996,6.5,51.25,84,4.93,18.26,0,88,9.2,0,6.42,18.86,0,1.29,11.614,2.6,67.7,1.9,8272,2.3,70.4,1.8
2/1/1996,6.58,51.77,85,4.99,18.62,0,80,9.24,0,6.28,19.09,0,1.29,11.614,2.6,67.7,1.9,8336,2.9,71.5,3.6
3/1/1996,6.57,51.29,91,5.13,18.3,0,80,8.43,0,6.14,21.33,0,1.3,11.614,2.6,67.7,1.9,8362,2.9,71.3,3.1
4/1/1996,6.44,52.24,89,5.08,17.89,0,73,8.05,0,5.85,23.5,0,1.31,11.808,4,68,1.8,8312,3.1,72.2,4.7
5/1/1996,6.39,51.47,90,5.07,17.96,0,78,8.12,0,6,21.16,0,1.31,11.808,4,68,1.8,8417,3.3,72.8,5.1
6/1/1996,6.46,51.75,85,4.96,18.11,0,84,9.3,0,6.3,20.42,0,1.29,11.808,4,68,1.8,8467,3.6,73.5,5.7
7/1/1996,6.34,51.28,89,5.03,18.21,0,91,9.67,0,6.54,21.3,0,1.28,11.914,4.1,68.3,1.8,8444,3.1,73.8,6.9
8/1/1996,6.36,51.44,95,5.2,18.66,0,92,9.81,0,6.66,21.9,0,1.28,11.914,4.1,68.3,1.8,8465,3.3,74.1,6
9/1/1996,6.48,51.32,88,5.03,17.65,0,82,9.36,0,6.18,23.97,0,1.27,11.914,4.1,68.3,1.8,8484,3.2,74.8,5.9
10/1/1996,6.48,50.87,95,5.2,19.17,0,83,8.34,0,6.36,24.88,0,1.29,12.038,4.4,68.6,1.8,8483,3.1,74.7,5.9
11/1/1996,6.48,52.02,87,5.03,18.53,0,85,8.45,0,6.32,23.7,0,1.28,12.038,4.4,68.6,1.8,8505,3.1,75.3,6.7
12/1/1996,6.51,51.51,87,5.02,18.33,0,90,8.72,0,6.44,25.23,0,1.28,12.038,4.4,68.6,1.8,8533,3.3,75.9,7.1
1/1/1997,6.4,52.39,93,5.18,18.56,0,93,9.31,0,6.62,25.13,3.45,1.28,12.115,4.3,68.9,1.8,8556,3.4,76,7.9
2/1/1997,6.51,52.56,88,5.08,18.4,0,79,9.38,0,6.23,22.18,2.15,1.29,12.115,4.3,68.9,1.8,8579,2.9,77.1,7.8
3/1/1997,6.45,52.71,93,5.2,17.86,0,80,8.26,0,6.05,20.96,1.89,1.3,12.115,4.3,68.9,1.8,8619,3.1,77.9,9.2
4/1/1997,6.44,51.91,88,5.04,18.56,0,77,8.24,0,6.09,19.7,2.03,1.3,12.317,4.3,69.3,1.9,8625,3.8,77.7,7.7
5/1/1997,6.47,52.15,95,5.24,18.29,0,78,8.05,0,6.05,20.82,2.25,1.28,12.317,4.3,69.3,1.9,8662,2.9,78.3,7.6
6/1/1997,6.44,51.04,87,4.99,18.62,0,84,9.14,0,6.38,19.26,2.2,1.28,12.317,4.3,69.3,1.9,8690,2.6,78.8,7.2
7/1/1997,6.41,51.31,89,5.05,19.11,0,95,10.01,0,6.84,19.66,2.19,1.26,12.471,4.7,69.5,1.7,8723,3.3,79.4,7.5
8/1/1997,6.35,51.21,90,5.06,18.57,0,93,9.95,0,6.69,19.95,2.49,1.25,12.471,4.7,69.5,1.7,8769,3.6,80.4,8.4
9/1/1997,6.49,51.71,93,5.18,18.56,0,87,9.73,0,6.5,19.8,2.88,1.26,12.471,4.7,69.5,1.7,8792,3.6,81.1,8.5
10/1/1997,6.47,51.72,95,5.23,19.07,0,87,8.92,0,6.51,21.32,3.07,1.26,12.577,4.5,69.7,1.6,8835,4.2,81.8,9.6
11/1/1997,6.46,51.77,84,4.94,18.58,0,84,8.64,0,6.32,20.19,3.01,1.26,12.577,4.5,69.7,1.6,8892,4.6,82.7,9.8
12/1/1997,6.53,51.02,95,5.22,19.25,0,92,8.94,0,6.67,18.33,2.35,1.25,12.577,4.5,69.7,1.6,8944,4.8,83.2,9.5
1/1/1998,6.54,53.51,98,5.37,18.36,0,91,9.19,0,6.52,16.72,2.09,1.26,12.704,4.9,69.8,1.3,9023,5.5,83.8,10.3
2/1/1998,6.48,52.74,87,5.05,18.32,0,80,9.32,0,6.24,16.06,2.23,1.26,12.704,4.9,69.8,1.3,9081,5.9,83.9,8.9
3/1/1998,6.41,53.17,96,5.29,18.68,0,82,8.6,0,6.28,15.12,2.24,1.27,12.704,4.9,69.8,1.3,9134,6,83.8,7.6
4/1/1998,6.48,53.06,92,5.19,19.05,0,77,8.4,0,6.19,15.35,2.43,1.27,12.821,4.1,70,1,9164,6.3,84.1,8.2
5/1/1998,6.35,53.24,91,5.15,18.37,0,83,8.62,0,6.25,14.91,2.14,1.26,12.821,4.1,70,1,9202,6.2,84.6,8
6/1/1998,6.27,52.74,92,5.15,19.18,0,89,9.9,0,6.68,13.72,2.17,1.26,12.821,4.1,70,1,9254,6.5,83.9,6.5
7/1/1998,6.19,51.98,91,5.08,19.47,0,98,10.59,0,7.04,14.17,2.17,1.25,12.983,4.1,70.2,1.1,9270,6.3,83.5,5.2
8/1/1998,6.2,52.34,92,5.12,19.34,0,98,10.77,0,7.04,13.47,1.85,1.26,12.983,4.1,70.2,1.1,9299,6.1,85.7,6.5
9/1/1998,5.79,49.1,96,5.05,18.9,0,88,10.37,0,6.66,15.03,2.02,1.25,12.983,4.1,70.2,1.1,9326,6.1,85.6,5.5
10/1/1998,6.14,51.27,97,5.21,19.19,0,84,9.02,0,6.46,14.46,1.91,1.24,13.192,4.9,70.4,1,9338,5.7,86.3,5.5
11/1/1998,6.14,51.33,90,5.03,18.67,0,80,8.74,0,6.24,13,2.12,1.24,13.192,4.9,70.4,1,9375,5.4,86.4,4.5
12/1/1998,6.04,50.93,95,5.13,19.42,0,88,9.07,0,6.61,11.35,1.72,1.21,13.192,4.9,70.4,1,9392,5,86.9,4.6
1/1/1999,5.96,52.43,92,5.08,19.03,83.02,91,9.63,0,9.27,12.52,1.85,1.22,13.316,4.8,70.6,1.2,9444,4.7,87.2,4
2/1/1999,5.97,52.33,93,5.11,19.11,77.28,79,9.43,0,8.77,12.01,1.77,1.25,13.316,4.8,70.6,1.2,9476,4.3,88,4.8
3/1/1999,5.88,52.32,99,5.25,19.5,71.88,83,8.84,0,8.71,14.68,1.79,1.24,13.316,4.8,70.6,1.2,9484,3.8,88,5
4/1/1999,5.89,51.65,90,4.99,19.15,62.05,79,8.69,0,8.23,17.31,2.15,1.24,13.427,4.7,70.9,1.4,9453,3.2,88.3,4.9
5/1/1999,5.87,50.92,86,4.86,18.71,51.64,82,8.68,0,7.9,17.72,2.26,1.22,13.427,4.7,70.9,1.4,9469,2.9,89,5.2
6/1/1999,5.76,51.37,91,4.99,19.83,50.97,88,9.96,0,8.36,17.92,2.3,1.22,13.427,4.7,70.9,1.4,9501,2.7,88.8,5.8
7/1/1999,5.8,51.15,89,4.94,19.82,53.51,100,10.98,0,8.86,20.1,2.31,1.21,13.605,4.8,71.2,1.4,9519,2.7,89.3,6.9
8/1/1999,5.78,51.04,93,5.03,20.09,55.1,97,10.94,0,8.87,21.28,2.79,1.21,13.605,4.8,71.2,1.4,9559,2.8,89.7,4.8
9/1/1999,5.8,51.05,93,5.04,19.49,50.58,87,10.3,0,8.3,23.8,2.55,1.2,13.605,4.8,71.2,1.4,9547,2.4,89.3,4.4
10/1/1999,5.95,51.2,91,5.02,19.87,51.85,84,9,0,8.2,22.69,2.73,1.21,13.828,4.8,71.6,1.6,9599,2.8,90.7,5
11/1/1999,5.96,52.01,92,5.07,19.09,57.79,81,8.87,0,8.15,25,2.37,1.19,13.828,4.8,71.6,1.6,9661,3.1,91.3,5.6
12/1/1999,5.96,51.73,93,5.09,20.5,71.69,88,9.17,0,9.05,26.1,2.35,1.18,13.828,4.8,71.6,1.6,9736,3.7,92,5.8
1/1/2000,5.78,52.35,88,4.94,19.03,82.71,97,9.72,0,9.43,27.26,2.42,1.2,13.878,4.2,72.1,2,9800,3.8,92,5.6
2/1/2000,5.85,51.54,87,4.9,19.63,82.24,88,9.84,0,9.29,29.37,2.66,1.21,13.878,4.2,72.1,2,9838,3.8,92.3,4.9
3/1/2000,5.92,52.76,100,5.29,19.22,68.55,86,8.91,0,8.65,29.84,2.79,1.21,13.878,4.2,72.1,2,9864,4,92.9,5.6
4/1/2000,5.85,51.55,82,4.77,18.82,62.03,78,8.76,0,8.15,25.72,3.04,1.22,14.131,5.2,72.5,2.2,9914,4.9,93.5,5.9
5/1/2000,5.85,51.83,89,4.97,19.61,55.89,85,9.15,0,8.32,28.79,3.59,1.2,14.131,5.2,72.5,2.2,9955,5.1,93.6,5.1
6/1/2000,5.82,52.28,91,5.03,20.05,53.22,93,10.46,0,8.65,31.82,4.29,1.21,14.131,5.2,72.5,2.2,9982,5.1,93.7,5.5
7/1/2000,5.74,52.26,85,4.85,19.7,53.83,96,10.73,0,8.72,29.7,3.99,1.19,14.145,4,72.9,2.4,10036,5.4,93.8,5.1
8/1/2000,5.79,52.66,97,5.19,20.49,57.41,100,11.19,0,9.12,31.26,4.43,1.19,14.145,4,72.9,2.4,10098,5.6,93.2,3.9
9/1/2000,5.76,52.65,89,4.98,19.9,52.28,89,10.59,0,8.51,33.88,5.06,1.18,14.145,4,72.9,2.4,10110,5.9,93.7,4.9
10/1/2000,5.81,53.61,93,5.12,19.8,51.77,88,9.26,0,8.31,33.11,5.02,1.22,14.23,2.9,73.3,2.5,10139,5.6,93.4,3
11/1/2000,5.83,52.7,91,5.04,19.33,64.64,88,9.27,0,8.63,34.42,5.52,1.19,14.23,2.9,73.3,2.5,10144,5,93.2,2.1
12/1/2000,5.86,52.65,84,4.86,20.82,84.58,95,9.9,0,9.76,28.44,8.9,1.19,14.23,2.9,73.3,2.5,10164,4.4,92.6,0.7
1/1/2001,5.8,53.93,97,5.23,20.09,86.35,97,10.49,0,9.24,29.59,8.17,1.22,14.183,2.2,73.8,2.5,10212,4.2,92.2,0.2
2/1/2001,5.78,53.9,87,4.97,19.69,82.48,84,10.17,0,8.08,29.61,5.61,1.24,14.183,2.2,73.8,2.5,10223,3.9,91.7,-0.6
3/1/2001,5.88,54.35,100,5.34,19.87,72.47,86,9.12,0,8.48,27.25,5.23,1.23,14.183,2.2,73.8,2.5,10254,4,91.5,-1.5
4/1/2001,5.86,54.14,91,5.09,19.73,60.24,78,8.9,0,7.65,27.49,5.19,1.24,14.272,1,74.3,2.5,10233,3.2,91.2,-2.5
5/1/2001,5.83,54.24,96,5.22,19.5,49.11,85,8.94,0,7.64,28.63,4.19,1.24,14.272,1,74.3,2.5,10215,2.6,90.6,-3.2
6/1/2001,5.77,53.58,93,5.11,19.56,48.15,90,10.1,0,7.66,27.6,3.72,1.25,14.272,1,74.3,2.5,10218,2.4,90,-4
7/1/2001,5.75,53.44,90,5.02,19.92,51.55,99,10.65,0,8.15,26.43,3.11,1.23,14.215,0.5,74.6,2.2,10371,3.3,89.5,-4.6
8/1/2001,5.73,53.44,100,5.28,20.15,53.84,101,11.2,0,8.31,27.37,2.97,1.23,14.215,0.5,74.6,2.2,10543,4.4,89.1,-4.4
9/1/2001,5.71,53.68,90,5.02,19.02,49.8,87,10.32,0,7.41,26.2,2.19,1.23,14.215,0.5,74.6,2.2,10453,3.4,88.8,-5.2
10/1/2001,5.75,54.06,101,5.33,19.82,53.2,84,9.08,0,7.73,22.17,2.46,1.21,14.254,0.2,74.8,2,10268,1.3,88.4,-5.4
11/1/2001,5.88,53.13,95,5.17,19.4,56.7,81,8.87,0,7.55,19.64,2.34,1.24,14.254,0.2,74.8,2,10280,1.3,88.1,-5.4
12/1/2001,5.89,53.03,88,4.98,19,68.39,88,9.11,0,8.27,19.39,2.3,1.22,14.254,0.2,74.8,2,10299,1.3,88.3,-4.7
1/1/2002,5.87,52.22,102,5.32,19.45,80.25,90,9.85,0,8.8,19.71,2.32,1.26,14.373,1.3,75,1.6,10515,3,88.9,-3.6
2/1/2002,5.88,51.77,90,4.99,19.44,80.09,80,9.88,0,7.87,20.72,2.32,1.28,14.373,1.3,75,1.6,10532,3,89,-3
3/1/2002,5.89,52.24,90,5.01,19.67,72.85,83,9.07,0,8.37,24.53,3.03,1.25,14.373,1.3,75,1.6,10539,2.8,89.6,-2.1
4/1/2002,5.84,52.17,90,5,19.55,62.7,79,9.04,0,7.77,26.18,3.43,1.25,14.461,1.3,75.3,1.3,10574,3.3,89.9,-1.3
5/1/2002,5.91,52.54,91,5.05,19.73,51.98,84,9.13,0,7.81,27.04,3.5,1.26,14.461,1.3,75.3,1.3,10617,3.9,90.5,-0.2
6/1/2002,5.88,52.31,85,4.88,19.88,53.05,91,10.35,0,7.9,25.52,3.26,1.26,14.461,1.3,75.3,1.3,10648,4.2,91.4,1.5
7/1/2002,5.75,52.79,86,4.9,20.08,56.4,100,11.37,0,8.43,26.97,2.99,1.25,14.52,2.1,75.6,1.4,10621,2.4,91.3,2
8/1/2002,5.8,51.72,92,5.03,20.22,55.67,99,11.38,0,8.35,28.39,3.09,1.26,14.52,2.1,75.6,1.4,10623,0.8,91.4,2.5
9/1/2002,5.41,50.54,92,4.93,19.46,51.41,91,10.81,0,7.67,29.66,3.55,1.26,14.52,2.1,75.6,1.4,10634,1.7,91.5,3
10/1/2002,5.36,50.06,95,4.98,19.68,53.09,88,9.6,0,7.81,28.84,4.13,1.25,14.538,2,76.1,1.7,10662,3.8,91.2,3.1
11/1/2002,5.62,51.85,88,4.9,20,63.79,87,9.21,0,8.02,26.35,4.04,1.25,14.538,2,76.1,1.7,10691,4,91.6,4
12/1/2002,5.72,52.04,91,5,19.94,76.74,95,9.69,0,8.84,29.46,4.74,1.22,14.538,2,76.1,1.7,10720,4.1,91,3.1
1/1/2003,5.76,52.15,93,5.06,20.02,87.11,99,10.3,0,9.25,32.95,5.43,1.26,14.614,1.7,76.5,2,10710,1.9,91.8,3.2
2/1/2003,5.78,52.49,82,4.79,20.37,89.3,87,10.55,0,8.44,35.83,7.71,1.29,14.614,1.7,76.5,2,10674,1.4,91.7,3.1
3/1/2003,5.8,53.64,89,5.01,19.71,70.9,86,9.3,0,8.39,33.51,5.93,1.31,14.614,1.7,76.5,2,10697,1.5,91.8,2.4
4/1/2003,5.73,53.08,89,4.98,19.83,58.12,79,9,0,7.68,28.17,5.26,1.29,14.744,2,76.7,1.9,10753,1.7,91.1,1.3
5/1/2003,5.66,52.45,91,5,19.35,48.86,84,9.12,0,7.67,28.11,5.81,1.29,14.744,2,76.7,1.9,10832,2,91.2,0.8
6/1/2003,5.66,52.48,89,4.95,19.79,45.61,91,10.15,0,7.65,30.66,5.82,1.28,14.744,2,76.7,1.9,10861,2,91.6,0.3
7/1/2003,5.5,51.42,89,4.89,20.1,51.63,100,11.26,0,8.28,30.75,5.03,1.28,14.989,3.2,77.2,2.1,10991,3.5,92,0.8
8/1/2003,5.57,52.47,90,4.96,20.59,53.28,102,11.51,0,8.4,31.57,4.99,1.28,14.989,3.2,77.2,2.1,11067,4.2,91.6,0.3
9/1/2003,5.61,52.23,90,4.96,19.93,47.62,92,10.68,0,7.61,28.31,4.62,1.28,14.989,3.2,77.2,2.1,10941,2.9,92.5,1.1
10/1/2003,5.61,52.27,94,5.07,20.18,50.1,88,9.4,0,7.79,30.34,4.63,1.28,15.163,4.3,77.6,2.1,10982,3,92.5,1.5
11/1/2003,5.55,51.63,84,4.78,19.87,58.45,89,9.21,0,7.85,31.11,4.47,1.27,15.163,4.3,77.6,2.1,11048,3.3,93.4,1.9
12/1/2003,5.57,51.6,92,4.99,20.68,73.02,98,9.94,0,8.94,32.13,6.13,1.27,15.163,4.3,77.6,2.1,11057,3.1,93.3,2.5
1/1/2004,5.58,51.45,94,5.04,20.48,86.32,100,10.41,0,9.37,34.31,6.14,1.29,15.249,4.3,78.2,2.2,11051,3.2,93.2,1.6
2/1/2004,5.57,50.96,87,4.84,20.87,86.59,90,10.34,0,8.75,34.69,5.37,1.32,15.249,4.3,78.2,2.2,11071,3.7,93.9,2.5
3/1/2004,5.62,51.78,95,5.08,20.45,67.77,86,9.42,0,8.44,36.74,5.39,1.33,15.249,4.3,78.2,2.2,11116,3.9,93.9,2.3
4/1/2004,5.56,51.73,92,4.99,20.55,58.17,80,9.21,0,7.81,36.75,5.71,1.34,15.367,4.2,78.8,2.7,11153,3.7,94.2,3.4
5/1/2004,5.56,50.83,87,4.83,20.31,50.74,88,9.45,0,7.98,40.27,6.33,1.35,15.367,4.2,78.8,2.7,11209,3.5,94.9,4.1
6/1/2004,5.41,51.41,95,5.03,20.78,49.46,93,10.73,0,7.99,38.02,6.27,1.35,15.367,4.2,78.8,2.7,11216,3.3,94.2,2.8
7/1/2004,5.48,51.27,92,4.96,20.88,51.13,101,11.25,0,8.42,40.78,5.93,1.37,15.513,3.5,79.3,2.8,11241,2.3,95,3.3
8/1/2004,5.32,50.82,95,5,21.03,50.9,99,11.14,0,8.37,44.9,5.41,1.4,15.513,3.5,79.3,2.8,11275,1.9,95.4,4.2
9/1/2004,5.08,49.23,94,4.88,20.53,49.41,93,10.75,0,7.84,45.94,5.14,1.37,15.513,3.5,79.3,2.8,11280,3.1,95.5,3.3
10/1/2004,5.17,49.79,93,4.89,20.86,50.23,89,9.52,0,7.96,53.28,6.35,1.41,15.671,3.4,79.9,3,11283,2.7,96.5,4.3
11/1/2004,5.42,50.28,92,4.92,20.81,59.43,90,9.45,0,8.06,48.47,6.17,1.41,15.671,3.4,79.9,3,11246,1.8,96.5,3.4
12/1/2004,5.51,49.99,96,5.03,21.23,75.09,100,10.15,0,9.17,43.15,6.58,1.41,15.671,3.4,79.9,3,11659,5.4,97.3,4.3
1/1/2005,5.45,50.23,94,4.98,20.69,82.64,99,10.39,0,9.3,46.84,6.15,1.46,15.845,3.9,80.5,3,11227,1.6,97.9,5
2/1/2005,5.5,51.03,90,4.91,20.83,80.11,88,10.4,0,8.3,48.15,6.14,1.48,15.845,3.9,80.5,3,11229,1.4,98.8,5.2
3/1/2005,5.6,51.91,102,5.26,21.01,71.15,91,9.66,0,8.74,54.19,6.96,1.52,15.845,3.9,80.5,3,11269,1.4,98.4,4.7
4/1/2005,5.56,51.33,93,5,20.14,57.5,81,9.2,0,7.73,52.98,7.16,1.54,15.923,3.6,81.1,2.9,11304,1.4,98.8,4.8
5/1/2005,5.6,50.82,90,4.92,20.61,49.12,86,9.22,0,7.95,49.83,6.47,1.55,15.923,3.6,81.1,2.9,11353,1.3,99,4.3
6/1/2005,5.44,51.24,95,5.03,21.2,51.14,97,11.08,0,8.19,56.35,7.18,1.54,15.923,3.6,81.1,2.9,11376,1.4,99.3,5.4
7/1/2005,5.25,50.07,92,4.88,20.94,54.41,103,11.93,0,8.6,59,7.63,1.52,16.048,3.4,81.9,3.3,11387,1.3,98.9,4.1
8/1/2005,5.2,49.82,98,5.03,21.67,54.68,105,12.16,0,8.7,64.98,9.53,1.56,16.048,3.4,81.9,3.3,11405,1.2,99.5,4.2
9/1/2005,4.21,44.54,96,4.64,20.14,47.42,96,11.44,0,7.8,65.59,11.74,1.6,16.048,3.4,81.9,3.3,11365,0.8,98.3,2.9
10/1/2005,4.55,45.4,94,4.67,20.25,46.07,91,9.95,0,7.8,62.26,13.42,1.58,16.137,3,82.6,3.3,11429,1.3,99.8,3.4
11/1/2005,4.86,48.14,95,4.84,20.62,55.45,89,9.53,0,7.95,58.32,10.3,1.57,16.137,3,82.6,3.3,11500,2.3,100.8,4.4
12/1/2005,4.99,48.99,93,4.83,21.5,75.04,100,10.31,0,9.21,59.41,13.05,1.59,16.137,3,82.6,3.3,11535,-1.1,100.9,3.7
1/1/2006,5.05,49.54,99,5.02,20.44,69.85,95,10.24,0,8.84,65.48,8.69,1.67,16.354,3.2,83.1,3.2,11652,3.8,101.7,3.8
2/1/2006,5.03,49.4,89,4.75,20.58,76.58,88,10.44,0,8.21,61.63,7.54,1.68,16.354,3.2,83.1,3.2,11703,4.2,101.4,2.6
3/1/2006,5.03,50.17,101,5.09,20.61,68.59,90,9.74,0,8.61,62.69,6.89,1.71,16.354,3.2,83.1,3.2,11748,4.2,101.3,3
4/1/2006,5.08,49.91,95,4.93,20.2,56.03,79,9.32,0,7.73,69.44,7.16,1.71,16.396,3,83.9,3.4,11744,3.9,101.7,2.9
5/1/2006,5.15,50.19,100,5.08,20.46,49.24,87,9.66,0,7.98,70.84,6.25,1.7,16.396,3,83.9,3.4,11737,3.4,101.5,2.4
6/1/2006,5.16,51.29,97,5.04,20.98,51.7,94,11.13,0,8.16,70.95,6.21,1.69,16.396,3,83.9,3.4,11752,3.3,101.8,2.5
7/1/2006,5.09,50.75,95,4.96,20.74,56.73,104,12.12,0,8.65,74.41,6.17,1.68,16.421,2.3,84.5,3.2,11747,3.2,101.5,2.6
8/1/2006,5.04,50.93,101,5.11,21.43,56.51,105,12.32,0,8.75,73.04,7.13,1.7,16.421,2.3,84.5,3.2,11737,2.9,102.3,2.9
9/1/2006,5.03,51.4,94,4.94,20.56,48.74,91,10.98,0,7.8,63.8,4.9,1.71,16.421,2.3,84.5,3.2,11800,3.8,102.4,4.2
10/1/2006,5.11,51.52,99,5.09,20.77,53.04,91,9.8,0,8.04,58.89,5.85,1.7,16.562,2.6,84.8,2.7,11854,3.7,102,2.2
11/1/2006,5.06,51.33,97,5.02,20.67,58.85,90,9.63,0,8.05,59.08,7.41,1.69,16.562,2.6,84.8,2.7,11902,3.5,102.1,1.3
12/1/2006,5.19,51.82,96,5.03,20.8,68.48,97,10.08,0,8.81,61.96,6.73,1.69,16.562,2.6,84.8,2.7,11959,3.7,103.7,2.8
1/1/2007,5.11,50.85,100,5.09,20.57,79.86,99,10.53,0,9.25,54.51,6.55,1.74,16.612,1.6,85.7,3,11957,2.6,103.3,1.6
2/1/2007,5.12,51.56,89,4.83,21.31,91.68,91,11.1,0,8.78,59.28,8,1.75,16.612,1.6,85.7,3,11996,2.5,103.7,2.3
3/1/2007,5.12,52.41,98,5.09,20.54,68.67,89,9.73,0,8.59,60.44,7.11,1.76,16.612,1.6,85.7,3,12035,2.4,104.6,3.2
4/1/2007,5.18,51.72,93,4.95,20.54,60.34,83,9.51,0,7.95,63.98,7.6,1.77,16.713,1.9,86.2,2.8,12053,2.6,105.3,3.6
5/1/2007,5.21,53.01,97,5.1,20.62,50.29,88,9.78,0,8.05,63.45,7.64,1.77,16.713,1.9,86.2,2.8,12060,2.8,105.2,3.7
6/1/2007,5.08,52.99,96,5.05,20.72,51.84,97,11.11,0,8.12,67.49,7.35,1.77,16.713,1.9,86.2,2.8,12053,2.6,105.6,3.7
7/1/2007,5.04,52.41,93,4.95,20.75,53.54,103,11.73,0,8.52,74.12,6.22,1.76,16.81,2.4,86.6,2.5,12066,2.7,105.7,4.1
8/1/2007,4.97,52.71,101,5.15,21.03,61.17,106,12.42,0,8.85,72.36,6.22,1.77,16.81,2.4,86.6,2.5,12071,2.8,105.4,3
9/1/2007,4.9,53.25,92,4.92,20.41,53.02,95,11.6,0,7.97,79.92,6.08,1.77,16.81,2.4,86.6,2.5,12090,2.5,105.8,3.3
10/1/2007,5.02,53.34,99,5.13,20.48,52.51,91,10.27,0,8,85.8,6.74,1.77,16.915,2.1,87,2.6,12080,1.9,105.6,3.6
11/1/2007,5.03,54.45,97,5.11,20.53,61.15,89,9.88,0,8.11,94.77,7.1,1.78,16.915,2.1,87,2.6,12070,1.4,106.2,4.1
12/1/2007,5.11,54.63,93,5.03,20.72,77.39,98,10.27,0,9.12,91.69,7.11,1.82,16.915,2.1,87,2.6,12121,1.4,106.4,2.6
1/1/2008,5.12,54.38,99,5.18,20.25,88.19,101,10.91,0,9.42,92.97,7.99,1.88,16.843,1.4,87.4,2,12137,1.5,106.2,2.8
2/1/2008,5.15,54.86,94,5.07,20.03,86.32,93,10.89,0,8.66,95.39,8.54,1.89,16.843,1.4,87.4,2,12142,1.2,105.4,1.7
3/1/2008,5.19,55.57,97,5.18,19.83,73.49,90,9.86,0,8.59,105.45,9.41,1.93,16.843,1.4,87.4,2,12146,0.9,105,0.4
4/1/2008,5.18,55.39,97,5.17,19.81,60.8,83,9.62,0,7.84,112.58,10.18,1.97,16.943,1.4,87.7,1.7,12101,0.4,103.9,-1.3
5/1/2008,5.14,55.38,97,5.16,19.8,50.85,88,9.65,0,7.9,125.4,11.27,2.04,16.943,1.4,87.7,1.7,12696,5.3,103.4,-1.8
6/1/2008,5.14,56.05,90,5,19.68,53.47,96,11.33,0,8.04,133.88,12.69,2.08,16.943,1.4,87.7,1.7,12377,2.7,102.6,-2.9
7/1/2008,5.18,57.07,99,5.27,19.56,55.12,105,12.03,0,8.42,133.37,11.09,2.1,16.854,0.3,88.4,2.1,12189,1,101.5,-4
8/1/2008,5,56.26,100,5.24,19.27,54.29,102,11.74,0,8.22,116.67,8.26,2.18,16.854,0.3,88.4,2.1,12121,0.4,100.2,-5
9/1/2008,3.97,49.62,99,4.83,17.84,48.7,92,11.07,0,7.35,104.11,7.67,2.19,16.854,0.3,88.4,2.1,12149,0.5,96.6,-8.7
10/1/2008,4.74,54.03,104,5.23,19.7,52.77,87,9.76,0,7.79,76.61,6.74,2.21,16.485,-2.5,88.5,1.8,12241,1.3,96.1,-9.1
11/1/2008,5.08,55.95,95,5.12,19.05,62.3,87,9.61,0,7.81,57.31,6.68,2.17,16.485,-2.5,88.5,1.8,12346,2.3,93.7,-11.8
12/1/2008,5.1,56.27,100,5.26,19.14,77.41,95,10.29,0,8.8,41.12,5.82,2.16,16.485,-2.5,88.5,1.8,12289,1.4,90.4,-15
1/1/2009,5.14,57.48,97,5.23,19.04,88.06,96,10.71,0,9.13,41.71,5.24,2.23,16.298,-3.2,88.5,1.3,12362,1.8,87.5,-17.6
2/1/2009,5.24,58.01,90,5.08,18.82,83.3,80,10.57,0,7.87,39.09,4.51,2.27,16.298,-3.2,88.5,1.3,12242,0.8,87.5,-17
3/1/2009,5.22,57.62,96,5.22,18.72,70.02,78,9.49,0,8.05,47.94,3.96,2.29,16.298,-3.2,88.5,1.3,12243,0.8,86,-18.1
4/1/2009,5.28,56.63,89,5.02,18.67,58.04,72,9.17,0,7.34,49.65,3.5,2.22,16.269,-4,88.4,0.8,12320,1.8,85.4,-17.8
5/1/2009,5.38,56.65,85,4.93,18.21,48.52,75,9.19,0,7.29,59.03,3.83,2.23,16.269,-4,88.4,0.8,12500,-1.5,84.6,-18.2
6/1/2009,5.27,56.91,89,5.02,18.83,50.93,84,10.53,0,7.54,69.64,3.8,2.22,16.269,-4,88.4,0.8,12273,-0.8,84.4,-17.8
7/1/2009,5.4,56.17,91,5.07,18.63,53.48,89,11.27,0,7.81,64.15,3.38,2.19,16.326,-3.1,88.5,0.1,12219,0.2,85.8,-15.4
8/1/2009,5.42,56.62,90,5.07,18.95,56.01,92,11.51,0,7.96,71.05,3.14,2.21,16.326,-3.1,88.5,0.1,12195,0.6,86.8,-13.3
9/1/2009,5.56,55.07,88,4.99,18.59,52.5,79,10.72,0,7.27,69.41,2.99,2.18,16.326,-3.1,88.5,0.1,12231,0.7,87.8,-9.2
10/1/2009,5.52,55.78,88,5,18.8,53.76,80,9.61,0,7.47,75.72,4.01,2.17,16.503,0.1,88.8,0.3,12193,-0.4,87.8,-8.6
11/1/2009,5.39,55.81,86,4.93,18.75,59.21,79,9.29,0,7.45,77.99,3.66,2.13,16.503,0.1,88.8,0.3,12224,-1,88.7,-5.3
12/1/2009,5.45,55.39,86,4.93,19.24,80.38,94,10.37,0,8.84,74.47,5.35,2.14,16.503,0.1,88.8,0.3,12280,-0.1,88.5,-2.1
1/1/2010,5.4,56.04,86,4.94,18.65,90.64,96,11.06,0.63,9.13,78.33,5.83,2.23,16.583,1.7,89,0.5,12286,-0.6,89.6,2.4
2/1/2010,5.55,57.24,83,4.92,18.83,88.61,86,11.02,0.58,8.21,76.39,5.32,2.27,16.583,1.7,89,0.5,12292,0.4,89.6,2.4
3/1/2010,5.52,57.28,97,5.29,19.08,69.13,82,9.79,0.63,8.2,81.2,4.29,2.31,16.583,1.7,89,0.5,12340,0.8,90.8,5.6
4/1/2010,5.39,57.56,91,5.12,19.07,56.39,73,9.24,0.61,7.37,84.29,4.03,2.29,16.743,2.9,89.4,1.1,12447,1,91.6,7.2
5/1/2010,5.4,57.95,85,4.97,18.87,52.17,82,9.49,0.67,7.67,73.74,4.14,2.26,16.743,2.9,89.4,1.1,12540,0.3,92.8,9.8
6/1/2010,5.38,57.22,89,5.05,19.56,54.98,93,11.4,0.72,8,75.34,4.8,2.25,16.743,2.9,89.4,1.1,12544,2.2,92.8,10
7/1/2010,5.3,58.25,91,5.12,19.29,58.9,101,12.28,0.67,8.38,76.32,4.63,2.27,16.872,3.3,89.8,1.4,12554,2.7,93.3,8.7
8/1/2010,5.45,58.92,93,5.22,19.66,60.61,100,12.39,0.63,8.44,76.6,4.32,2.3,16.872,3.3,89.8,1.4,12591,3.3,93.5,7.7
9/1/2010,5.62,59.08,93,5.26,19.46,54.58,85,11.3,0.59,7.69,75.24,3.89,2.28,16.872,3.3,89.8,1.4,12590,2.9,93.6,6.7
10/1/2010,5.63,60.09,92,5.26,18.93,53.71,77,9.63,0.61,7.5,81.89,3.43,2.27,16.961,2.8,90.3,1.7,12593,3.3,93.7,6.7
11/1/2010,5.58,60.08,92,5.25,18.97,65.78,79,9.51,0.63,7.79,84.25,3.71,2.26,16.961,2.8,90.3,1.7,12605,3.1,93.8,5.7
12/1/2010,5.61,60.96,93,5.31,19.73,87.55,95,10.67,0.68,9.23,89.15,4.25,2.23,16.961,2.8,90.3,1.7,12681,3.3,94.3,6.5
1/1/2011,5.5,60.02,91,5.21,18.93,93.18,96,11.14,0.68,9.29,89.17,4.49,2.32,16.921,2,90.7,1.9,12740,3.7,94.4,5.4
2/1/2011,5.41,58.83,86,5.03,18.82,87.59,80,10.96,0.64,8.1,88.58,4.09,2.35,16.921,2,90.7,1.9,12777,3.9,94.5,5.6
3/1/2011,5.62,61.54,97,5.44,19.19,71.95,79,9.76,0.75,8.34,102.86,3.97,2.34,16.921,2,90.7,1.9,12743,3.3,95.2,4.9
4/1/2011,5.56,62.28,89,5.24,18.58,60.83,72,9.52,0.73,7.49,109.53,4.24,2.38,17.035,1.7,91.4,2.2,12721,2.2,94.6,3.3
5/1/2011,5.62,62.41,87,5.2,18.43,53.79,79,9.63,0.76,7.57,100.9,4.31,2.43,17.035,1.7,91.4,2.2,12705,1.3,94.6,2
6/1/2011,5.59,62.07,89,5.24,19.19,55.24,90,11.33,0.76,7.89,96.26,4.54,2.4,17.035,1.7,91.4,2.2,12757,1.7,94.8,2.1
7/1/2011,5.44,62.48,85,5.12,18.71,60.98,100,12.35,0.75,8.38,97.3,4.42,2.44,17.031,0.9,91.8,2.3,12806,2,95.3,2.1
8/1/2011,5.67,63.21,95,5.45,19.36,61.03,98,12.42,0.7,8.4,86.33,4.05,2.47,17.031,0.9,91.8,2.3,12800,1.7,95.7,2.4
9/1/2011,5.61,63.11,94,5.41,18.89,55.19,82,11.25,0.64,7.55,85.52,3.9,2.44,17.031,0.9,91.8,2.3,12782,1.5,96,2.6
10/1/2011,5.9,65.12,95,5.55,18.82,56.27,75,9.63,0.64,7.57,86.32,3.57,2.39,17.223,1.5,92,1.9,12792,1.6,96.5,3.1
11/1/2011,6.04,65.94,94,5.57,19.06,67.73,73,9.54,0.66,7.78,97.16,3.24,2.37,17.223,1.5,92,1.9,12783,1.4,96.3,2.7
12/1/2011,6.11,65.62,94,5.57,18.77,82,79,10.12,0.7,8.57,98.56,3.17,2.34,17.223,1.5,92,1.9,12899,1.7,97,2.9
1/1/2012,6.18,66.01,95,5.62,18.3,88.91,76,10.41,0.67,8.68,100.27,2.67,2.37,17.367,2.6,92.5,2,12968,1.8,97.9,3.7
2/1/2012,6.27,64.72,86,5.36,18.62,86.23,68,10.28,0.61,7.96,102.2,2.5,2.38,17.367,2.6,92.5,2,13030,2,98.3,4
3/1/2012,6.33,64.97,86,5.38,18.13,68.64,63,9.51,0.7,7.67,106.16,2.17,2.39,17.367,2.6,92.5,2,13066,2.5,97.8,2.7
4/1/2012,6.32,64.78,78,5.16,18.16,65.1,57,9.38,0.68,7.21,103.32,1.95,2.42,17.445,2.4,92.9,1.7,13117,3.1,98.3,3.9
5/1/2012,6.37,65.05,82,5.28,18.57,60.45,68,9.94,0.73,7.61,94.66,2.43,2.42,17.445,2.4,92.9,1.7,13113,3.2,98,3.6
6/1/2012,6.28,64.64,82,5.26,18.87,62.28,77,11.22,0.7,7.73,82.3,2.46,2.36,17.445,2.4,92.9,1.7,13097,2.7,98.4,3.8
7/1/2012,6.43,66.31,86,5.44,18.54,66.77,92,12.37,0.69,8.29,87.89,2.95,2.4,17.47,2.6,93.5,1.8,13000,1.5,98.2,3.1
8/1/2012,6.35,65.98,91,5.55,19.14,64.8,88,12.17,0.67,8.23,94.13,2.84,2.4,17.47,2.6,93.5,1.8,12962,1.3,98.1,2.5
9/1/2012,6.6,66.36,82,5.37,18.08,60.24,74,10.98,0.59,7.37,94.51,2.85,2.38,17.47,2.6,93.5,1.8,13053,2.1,97.9,2
10/1/2012,6.97,66.5,85,5.51,18.71,61.33,72,9.74,0.61,7.57,89.49,3.32,2.36,17.49,1.6,93.9,2.1,13142,2.7,97.7,1.3
11/1/2012,7.08,66.6,84,5.51,18.53,72.26,75,9.65,0.61,7.77,86.53,3.54,2.36,17.49,1.6,93.9,2.1,13316,4.2,98.4,2.1
12/1/2012,7.11,66.01,80,5.39,18.13,80.77,79,9.97,0.67,8.39,87.86,3.34,2.36,17.49,1.6,93.9,2.1,13643,5.8,99.1,2.2
1/1/2013,7.08,65.26,83,5.44,18.74,92.86,81,10.74,0.54,8.72,94.76,3.33,2.34,17.662,1.7,94.2,1.8,12846,-0.9,98.9,1
2/1/2013,7.15,65.45,78,5.33,18.65,91.68,72,10.81,0.49,7.78,95.31,3.33,2.34,17.662,1.7,94.2,1.8,12814,-1.7,99.3,1
3/1/2013,7.21,65.27,85,5.52,18.55,81.33,76,9.98,0.54,8.13,92.94,3.81,2.35,17.662,1.7,94.2,1.8,12852,-1.6,99.3,1.5
4/1/2013,7.37,66.12,79,5.41,18.59,65.58,66,9.63,0.55,7.24,92.02,4.17,2.37,17.71,1.5,94.5,1.7,12893,-1.7,98.9,0.6
5/1/2013,7.33,65.89,83,5.5,18.73,56.53,70,9.71,0.58,7.31,94.51,4.04,2.37,17.71,1.5,94.5,1.7,12954,-1.2,99.2,1.2
6/1/2013,7.28,65.79,81,5.44,18.82,58.1,80,11.07,0.57,7.45,95.77,3.83,2.36,17.71,1.5,94.5,1.7,12956,-1.1,99.5,1.1
7/1/2013,7.52,67.09,85,5.63,19.26,62.14,88,11.99,0.57,8.01,104.67,3.62,2.31,17.86,2.2,95,1.6,12942,-0.4,98.6,0.4
8/1/2013,7.53,66.95,90,5.76,19.14,62.17,87,11.81,0.55,7.95,106.57,3.42,2.33,17.86,2.2,95,1.6,12970,0.1,99.4,1.3
9/1/2013,7.84,66.77,83,5.62,19.28,58.9,78,11.17,0.52,7.44,106.29,3.62,2.35,17.86,2.2,95,1.6,13028,-0.2,99.5,1.6
10/1/2013,7.76,66.98,81,5.56,19.32,60.22,72,9.87,0.55,7.5,100.54,3.68,2.34,18.016,3,95.5,1.7,12975,-1.3,99.7,2
11/1/2013,7.92,67.66,81,5.61,19.49,77.23,71,9.77,0.55,7.9,93.86,3.64,2.33,18.016,3,95.5,1.7,12999,-2.4,99.7,1.3
12/1/2013,7.93,66.53,78,5.5,19.01,94.22,83,10.62,0.57,8.83,97.63,4.24,2.34,18.016,3,95.5,1.7,13019,-4.6,99.5,0.4
1/1/2014,8.08,66.78,83,5.66,19.1,103.36,89,11.4,0.57,9.33,94.62,4.71,2.29,17.954,1.7,95.8,1.7,13080,1.8,98.4,-0.5
2/1/2014,8.14,68.36,75,5.51,18.9,97.9,82,11.42,0.5,8.22,100.82,6,2.32,17.954,1.7,95.8,1.7,13148,2.6,99.3,0
3/1/2014,8.3,68.86,87,5.87,18.45,82.51,78,10.12,0.58,8.24,100.8,4.9,2.36,17.954,1.7,95.8,1.7,13220,2.9,100.3,1
4/1/2014,8.53,70.54,83,5.86,18.83,65.39,63,9.56,0.58,7.26,102.07,4.66,2.39,18.186,2.7,96.3,2,13270,2.9,100.2,1.3
5/1/2014,8.65,70.16,84,5.89,18.6,58.39,69,9.76,0.59,7.36,102.18,4.58,2.4,18.186,2.7,96.3,2,13313,2.8,100.5,1.3
6/1/2014,8.74,70.52,79,5.79,18.88,58.18,79,11.14,0.59,7.49,105.79,4.59,2.38,18.186,2.7,96.3,2,13360,3.1,100.9,1.4
7/1/2014,8.85,72.02,84,5.99,19.25,60.68,87,11.74,0.59,7.97,103.59,4.05,2.38,18.407,3.1,96.8,1.9,13387,3.4,101.3,2.8
8/1/2014,8.93,72.41,87,6.09,19.37,62.36,86,11.75,0.56,7.99,96.53,3.91,2.37,18.407,3.1,96.8,1.9,13446,3.7,100.8,1.4
9/1/2014,9.09,72.39,84,6.04,19.2,60.31,74,11.28,0.53,7.44,93.21,3.92,2.37,18.407,3.1,96.8,1.9,13486,3.5,100.8,1.4
10/1/2014,9.26,73.11,85,6.12,19.7,61.7,66,9.93,0.56,7.54,84.4,3.78,2.31,18.5,2.7,96.8,1.4,13551,4.4,100.8,1.1
11/1/2014,9.32,72.64,82,6.03,19.39,78.58,70,9.89,0.57,7.94,75.79,4.12,2.3,18.5,2.7,96.8,1.4,13624,4.8,101.5,1.8
12/1/2014,9.56,73.2,86,6.2,19.49,86.42,73,10.38,0.59,8.55,59.29,3.48,2.51,18.5,2.7,96.8,1.4,13719,5.4,101.3,1.8
1/1/2015,9.38,73.44,87,6.2,19.27,100.48,77,11.03,0.57,9.04,47.22,2.99,2.29,18.667,4,96.7,0.9,13798,5.5,100.7,2.3
2/1/2015,9.49,73.81,72,5.84,19.67,104.47,72,11.34,0.53,8.37,50.58,2.87,2.26,18.667,4,96.7,0.9,13848,5.3,99.9,0.6
3/1/2015,9.58,74.14,81,6.1,19.35,83.59,64,10.21,0.58,8.17,47.82,2.83,2.26,18.667,4,96.7,0.9,13811,4.5,100.3,0
4/1/2015,9.66,75.21,75,5.99,19.26,66.93,53,9.54,0.57,7.2,54.45,2.61,2.23,18.782,3.3,97.3,1,13842,4.3,100.2,0
5/1/2015,9.47,74.12,70,5.79,19.32,59.94,62,9.65,0.58,7.39,59.27,2.85,2.26,18.782,3.3,97.3,1,13866,4.2,100.2,-0.3
6/1/2015,9.36,73.95,67,5.69,19.85,63.33,74,11.28,0.57,7.66,59.82,2.78,2.25,18.782,3.3,97.3,1,13874,3.8,99.9,-1
7/1/2015,9.44,74.19,76,5.95,20.12,66.7,81,12.13,0.59,8.19,50.9,2.84,2.21,18.857,2.4,97.5,0.8,13906,3.9,100.6,-0.8
8/1/2015,9.41,74.27,83,6.13,19.93,66.22,79,12.09,0.58,8.09,42.87,2.77,2.23,18.857,2.4,97.5,0.8,13936,3.6,100.3,-0.5
9/1/2015,9.48,74.74,78,6.02,19.44,63.38,69,11.5,0.55,7.48,45.48,2.66,2.22,18.857,2.4,97.5,0.8,13972,3.6,100,-0.8
10/1/2015,9.4,74.19,76,5.94,19.47,64.11,58,9.92,0.56,7.39,46.22,2.34,2.15,18.892,2.1,97.5,0.8,13997,3.3,99.9,-0.9
11/1/2015,9.33,73.88,69,5.73,19.11,74.97,54,9.59,0.57,7.42,42.44,2.09,2.15,18.892,2.1,97.5,0.8,13993,2.7,99.6,-1.8
12/1/2015,9.27,73.89,63,5.57,19.6,83.49,55,9.99,0.6,8.09,37.19,1.93,2.16,18.892,2.1,97.5,0.8,14060,2.5,99.3,-1.9
1/1/2016,9.2,73.56,61,5.49,19.06,99.73,67,10.74,0.58,8.78,31.68,2.28,2.12,19.002,1.8,97.5,0.8,14121,2.3,99.8,-0.9
2/1/2016,9.06,74.6,57,5.4,19.84,91.46,55,10.62,0.57,7.94,30.32,1.99,2.11,19.002,1.8,97.5,0.8,14135,2.1,99.4,-0.5
3/1/2016,9.1,73.76,55,5.32,19.75,76.01,45,9.59,0.62,7.66,37.55,1.73,2.17,19.002,1.8,97.5,0.8,14135,2.3,99.4,-0.9
4/1/2016,8.87,73.71,48,5.1,19.35,69.46,43,9.35,0.58,7.14,40.75,1.92,2.16,19.063,1.5,98.1,0.8,14106,1.9,99.2,-1
5/1/2016,8.83,72.87,53,5.2,19.33,63.41,49,9.55,0.61,7.28,46.71,1.92,2.16,19.063,1.5,98.1,0.8,14096,1.7,99.1,-1.1
6/1/2016,8.68,72.17,60,5.33,19.83,66.69,68,11.39,0.59,7.66,48.76,2.59,2.1,19.063,1.5,98.1,0.8,14105,1.7,99.4,-0.5
7/1/2016,8.66,72.76,62,5.4,19.75,70.54,79,12.41,0.61,8.19,44.65,2.82,2.11,19.198,1.8,98.4,0.9,14160,1.8,99.4,-1.1
8/1/2016,8.69,72.18,68,5.54,20.26,71.24,78,12.71,0.59,8.3,44.72,2.82,2.11,19.198,1.8,98.4,0.9,14177,1.7,99.1,-1.2
9/1/2016,8.54,71.7,65,5.42,19.77,64.93,67,11.61,0.56,7.51,45.18,2.99,2.12,19.198,1.8,98.4,0.9,14209,1.7,99.3,-0.7
10/1/2016,8.8,71.42,69,5.57,19.68,62.1,59,9.94,0.58,7.39,49.77,2.98,2.07,19.304,2.2,98.9,1.4,14235,1.7,99.4,-0.5
11/1/2016,8.9,72.02,67,5.55,19.69,71.98,53,9.62,0.58,7.46,45.66,2.55,2.08,19.304,2.2,98.9,1.4,14274,2,99.4,-0.2
12/1/2016,8.82,71.21,63,5.4,19.99,92.46,70,10.4,0.64,8.78,51.97,3.59,2.08,19.304,2.2,98.9,1.4,14314,1.8,99.4,0.1
1/1/2017,8.87,70.56,68,5.52,19.29,93.99,68,10.65,0.61,8.67,52.5,3.3,2.09,19.398,2.1,99.4,2,14374,1.8,99.6,-0.2
2/1/2017,9.09,71.55,64,5.49,19.15,83.58,52,10.24,0.56,7.32,53.47,2.85,2.06,19.398,2.1,99.4,2,14417,2,99.5,0.1
3/1/2017,9.16,73.17,64,5.55,20.06,81.4,53,9.78,0.65,8.06,49.33,2.88,2.07,19.398,2.1,99.4,2,14476,2.4,99.2,-0.2
4/1/2017,9.1,73.26,59,5.41,19.62,64.4,49,9.47,0.63,7.09,51.06,3.1,2.08,19.507,2.3,99.7,1.6,14509,2.9,100.3,1.1
5/1/2017,9.19,73.26,62,5.51,20.05,61.03,55,9.78,0.66,7.42,48.48,3.15,2.09,19.507,2.3,99.7,1.6,14611,3.7,100.1,1
6/1/2017,9.11,73.97,66,5.62,20.57,63.68,63,11.35,0.64,7.61,45.18,2.98,2.07,19.507,2.3,99.7,1.6,14619,3.6,100.2,0.8
7/1/2017,9.25,74.73,63,5.59,20.13,69.08,74,12.27,0.62,8.12,46.63,2.98,2.06,19.661,2.4,100.2,1.8,14660,3.5,99.8,0.4
8/1/2017,9.25,74.69,71,5.8,20.27,67.54,70,12.03,0.61,8.03,48.04,2.9,2.05,19.661,2.4,100.2,1.8,14678,3.5,99.6,0.5
9/1/2017,9.52,75.99,63,5.68,19.63,64.02,59,11.1,0.58,7.35,49.82,2.98,2.02,19.661,2.4,100.2,1.8,14706,3.5,99.6,0.3
10/1/2017,9.67,77.34,66,5.82,19.97,65.53,54,10.03,0.61,7.52,51.58,2.88,2.03,19.882,3,100.8,1.9,14749,3.6,100.7,1.3
11/1/2017,10.08,79.75,64,5.92,20.31,78.58,55,9.83,0.6,7.82,56.64,3.01,2.04,19.882,3,100.8,1.9,14771,3.5,100.8,1.5
12/1/2017,9.98,80.38,63,5.89,20.32,99.55,63,10.47,0.62,8.9,57.88,2.82,2.04,19.882,3,100.8,1.9,14798,3.4,100.6,1.2
1/1/2018,10,78.74,62,5.82,20.56,107.77,69,11.51,0.63,9.34,63.7,3.69,2.06,20.044,3.3,101.4,2.1,14887,3.6,100.1,0.6
2/1/2018,10.26,80.39,60,5.86,19.69,96.81,50,10.85,0.58,7.75,62.23,2.67,2.07,20.044,3.3,101.4,2.1,14921,3.5,101.2,1.7
3/1/2018,10.47,81.33,66,6.09,20.73,90.22,49,9.95,0.65,8.36,62.73,2.69,2.04,20.044,3.3,101.4,2.1,14975,3.4,101.1,2
4/1/2018,10.5,81.19,58,5.88,20.04,78.35,45,9.65,0.64,7.52,66.25,2.8,2.07,20.15,3.3,102.1,2.5,15007,3.4,101.8,1.5
5/1/2018,10.43,82.12,61,5.97,20.25,66.29,52,10.16,0.68,7.61,69.98,2.8,2.04,20.15,3.3,102.1,2.5,15058,3.1,101,0.8
6/1/2018,10.64,82.54,62,6.05,20.77,68.77,60,11.67,0.65,7.78,67.87,2.97,2.04,20.15,3.3,102.1,2.5,15119,3.4,101.7,1.5
7/1/2018,10.9,84.18,63,6.17,20.67,75.83,68,12.52,0.63,8.31,70.98,2.83,2.05,20.276,3.1,102.6,2.4,15185,3.6,101.7,1.9
8/1/2018,11.39,85.88,69,6.47,21.36,74.64,68,12.72,0.64,8.39,68.06,2.96,2.06,20.276,3.1,102.6,2.4,15239,3.8,102,2.4
9/1/2018,11.44,87.29,62,6.34,20.08,71.87,58,11.64,0.58,7.59,70.23,3,2.05,20.276,3.1,102.6,2.4,15238,3.6,102,2.4
10/1/2018,11.51,88.4,67,6.51,20.79,73.74,53,10.35,0.61,7.81,70.75,3.28,2.04,20.305,2.1,103,2.2,15274,3.6,101.6,0.8
11/1/2018,11.89,89.94,63,6.52,20.77,90.53,56,10.08,0.6,8.23,56.96,4.09,2.06,20.305,2.1,103,2.2,15315,3.7,101.3,0.5
12/1/2018,11.94,89.5,63,6.52,20.33,96.76,60,10.47,0.63,8.72,49.52,4.04,2.11,20.305,2.1,103,2.2,15507,4.8,101.6,1.1
1/1/2019,11.87,89.25,66,6.58,20.61,110.46,60,11,0.62,9.24,51.38,3.11,2.1,20.415,1.9,103.4,1.9,15502,4.1,100.8,0.6
2/1/2019,11.65,89.86,58,6.35,20.28,107.83,49,10.96,0.58,8.1,54.95,2.69,2.07,20.415,1.9,103.4,1.9,15554,4.2,100.2,-0.9
3/1/2019,11.91,90.27,56,6.35,20.18,94.45,48,10.12,0.65,8.37,58.15,2.95,2.08,20.415,1.9,103.4,1.9,15569,4,99.9,-1.1
4/1/2019,12.14,90.71,61,6.54,20.33,73.75,37,9.49,0.65,7.3,63.86,2.65,2.07,20.585,2.2,103.9,1.7,15524,3.4,99.3,-2.5
5/1/2019,12.15,91.4,62,6.59,20.39,68.84,44,9.94,0.68,7.57,60.83,2.64,2.05,20.585,2.2,103.9,1.7,15520,3.1,99.4,-1.6
6/1/2019,12.22,91.65,57,6.48,20.65,70.64,48,11.11,0.65,7.57,54.66,2.4,2.03,20.585,2.2,103.9,1.7,15546,2.8,99.8,-1.9
7/1/2019,11.9,92.16,59,6.49,20.73,77.22,60,12.54,0.65,8.23,57.35,2.37,2.02,20.818,2.7,104.2,1.6,15566,2.5,99.1,-2.5
8/1/2019,12.48,94.4,64,6.79,21.16,78.51,56,12.43,0.64,8.26,54.8,2.22,2,20.818,2.7,104.2,1.6,15654,2.7,99.8,-2.2
9/1/2019,12.58,94.76,59,6.69,20.25,73.54,51,11.75,0.6,7.57,56.95,2.56,1.96,20.818,2.7,104.2,1.6,15691,3,99.1,-2.8
10/1/2019,12.8,95.59,58,6.73,20.71,74.4,42,10.32,0.63,7.63,53.96,2.33,1.96,20.951,3.2,104.6,1.5,15718,2.9,98.2,-3.3
11/1/2019,13,97.16,54,6.71,20.74,92.79,46,9.92,0.61,8.11,57.03,2.65,1.96,20.951,3.2,104.6,1.5,15778,3,99.1,-2.1
12/1/2019,12.98,97.05,53,6.67,20.44,102.28,45,10.4,0.63,8.65,59.88,2.22,1.91,20.951,3.2,104.6,1.5,15685,1.1,99.2,-2.4
1/1/2020,12.85,97.37,56,6.74,19.93,107.33,41,10.59,0.63,8.65,57.52,2.02,1.94,20.666,1.2,105,1.6,15853,2.3,98.9,-1.8
2/1/2020,12.84,95.5,47,6.44,20.13,105.6,36,10.57,0.62,8.02,50.54,1.91,1.9,20.666,1.2,105,1.6,15918,2.3,99.1,-1.1
3/1/2020,12.8,95.25,46,6.4,18.46,87.92,33,9.73,0.61,7.54,29.21,1.79,1.93,20.666,1.2,105,1.6,15696,0.8,94.6,-5.3
4/1/2020,11.91,95.02,39,6.06,14.55,75.45,27,9.1,0.55,6.16,16.55,1.74,1.92,19.035,-7.5,104.7,0.8,18020,16.1,79.9,-19.5
5/1/2020,9.71,87.87,37,5.4,16.08,66.99,30,9.21,0.62,6.43,28.56,1.75,1.89,19.035,-7.5,104.7,0.8,17105,10.2,83.5,-16
6/1/2020,10.45,90.4,40,5.68,17.58,71.14,40,11.05,0.64,6.88,38.31,1.63,1.9,19.035,-7.5,104.7,0.8,17035,9.6,90,-9.8
7/1/2020,11,90.34,43,5.86,18.38,79.62,53,12.63,0.62,7.71,40.71,1.77,1.91,20.512,-1.5,105.6,1.3,17193,10.5,93.3,-5.9
8/1/2020,10.58,90.39,48,5.92,18.56,77.56,54,12.29,0.61,7.68,42.34,2.3,1.94,20.512,-1.5,105.6,1.3,16526,5.6,94.5,-5.3
9/1/2020,10.93,91.29,45,5.93,18.41,71.9,42,11.12,0.57,7.01,39.63,1.92,1.94,20.512,-1.5,105.6,1.3,16608,5.8,94.5,-4.7
10/1/2020,10.46,89.71,45,5.8,18.61,74.86,37,9.93,0.59,7.16,39.4,2.39,1.91,20.724,-1.1,106.3,1.7,16562,5.4,95.2,-3.1
11/1/2020,11.2,92.5,44,5.98,18.74,81.55,38,9.61,0.61,7.24,40.94,2.61,1.91,20.724,-1.1,106.3,1.7,16368,3.7,95.8,-3.3
12/1/2020,11.17,93.11,45,6.02,18.8,102.84,47,10.56,0.62,8.38,47.02,2.59,1.92,20.724,-1.1,106.3,1.7,16406,4.6,96.4,-2.7
1/1/2021,11.14,92.64,48,6.08,18.81,107.59,49,10.77,0.61,8.58,52,2.71,1.9,20.991,1.6,107.7,2.6,18107,14.2,97.5,-1.4
2/1/2021,9.92,85.78,41,5.47,17.7,110.56,52,11.06,0.55,7.83,59.04,5.35,1.93,20.991,1.6,107.7,2.6,16605,4.3,93.5,-5.7
3/1/2021,11.35,93.55,51,6.23,19.13,85.16,38,9.88,0.67,7.7,62.33,2.62,1.89,20.991,1.6,107.7,2.6,20423,30.1,96.4,1.9
4/1/2021,11.32,94.29,45,6.09,19.74,75.72,34,9.44,0.64,7.12,61.72,2.66,1.9,21.31,12,109.3,4.5,17317,-3.9,96.6,20.8
5/1/2021,11.39,94.21,49,6.2,20.05,68.27,39,9.71,0.68,7.31,65.17,2.91,1.89,21.31,12,109.3,4.5,16819,-1.7,97.7,17
6/1/2021,11.37,93.87,49,6.19,20.59,74.73,52,11.67,0.64,7.67,71.38,3.26,1.95,21.31,12,109.3,4.5,16736,-1.8,97.7,8.5
7/1/2021,11.39,94.76,48,6.19,20.17,77.99,60,12.47,0.64,8.07,72.49,3.84,2.01,21.483,4.7,111,5.1,16836,-2.1,98.7,5.8
8/1/2021,11.28,95.04,50,6.24,20.57,78.59,60,12.7,0.64,8.16,67.73,4.07,2.06,21.483,4.7,111,5.1,16792,1.6,98.3,4
9/1/2021,10.92,95.69,50,6.19,20.14,71.27,48,11.59,0.61,7.38,71.65,5.16,2.01,21.483,4.7,111,5.1,16564,-0.3,97.4,3.1
10/1/2021,11.56,97.21,49,6.33,20.38,72.88,39,10.12,0.64,7.42,81.48,5.51,2.03,21.848,5.4,112.9,6.1,16547,-0.1,98.8,3.7
11/1/2021,11.78,98.3,49,6.4,20.57,89.5,37,9.96,0.64,7.77,79.15,5.05,2.04,21.848,5.4,112.9,6.1,16500,0.8,99.6,4
12/1/2021,11.68,99.13,49,6.41,20.66,97.04,38,10.31,0.68,8.35,71.71,3.76,2.07,21.848,5.4,112.9,6.1,16419,0.1,99.6,3.3
1/1/2022,11.48,96.22,50,6.31,19.61,115.91,53,11.32,0.67,9.04,83.22,4.38,2.2,21.739,3.6,115.2,6.9,16081,-11.2,99.1,1.6
2/1/2022,11.26,95.97,48,6.21,20.19,109.25,44,11.31,0.63,7.99,91.64,4.69,2.17,21.739,3.6,115.2,6.9,16093,-3.1,100.2,7.2
3/1/2022,11.81,97.63,52,6.46,20.48,89.7,38,10.19,0.71,8.04,108.5,4.9,2.15,21.739,3.6,115.2,6.9,16028,-21.5,101,4.8
4/1/2022,11.77,98.32,46,6.32,19.73,78.68,35,9.86,0.7,7.24,101.78,6.59,2.18,21.708,1.9,117.7,7.7,16043,-7.4,101.2,4.8
5/1/2022,11.73,99.1,50,6.44,19.84,72.3,39,10.36,0.72,7.43,109.55,8.14,2.23,21.708,1.9,117.7,7.7,16023,-4.7,100.9,3.3
6/1/2022,11.8,99.34,49,6.43,20.43,77.23,45,11.96,0.71,7.64,114.84,7.7,2.32,21.708,1.9,117.7,7.7,15963,-4.6,100.5,2.9
7/1/2022,11.83,100.38,49,6.47,19.93,83.32,53,12.96,0.69,8.1,101.62,7.28,2.47,21.851,1.7,119,7.2,16109,-4.3,100.7,2.1
8/1/2022,11.99,100.9,54,6.65,20.27,82.56,52,12.97,0.66,8.11,93.67,8.8,2.51,21.851,1.7,119,7.2,16161,-3.8,100.9,2.7
9/1/2022,12.33,102.35,52,6.7,20.13,76.27,41,11.73,0.62,7.39,84.26,7.88,2.51,21.851,1.7,119,7.2,16185,-2.3,101.1,3.8
10/1/2022,12.38,102.25,51,6.68,20.01,76.25,35,9.95,0.65,7.38,87.55,5.66,2.46,21.99,0.7,120.1,6.4,16224,-2,101.2,2.5
11/1/2022,12.38,102.24,49,6.62,20.21,92.23,36,10.13,0.66,7.8,84.37,5.45,2.48,21.99,0.7,120.1,6.4,16230,-1.6,100.5,0.8
12/1/2022,12.14,100.24,46,6.44,19.33,108.9,45,10.95,0.66,8.64,76.44,5.53,2.65,21.99,0.7,120.1,6.4,16265,-0.9,98.3,-1.3
1/1/2023,12.57,101.9,51,6.7,19.15,106.54,39,10.77,0.68,8.44,78.12,3.27,2.59,22.112,1.7,121.3,5.3,16602,3.2,99.9,0.9
2/1/2023,12.53,101.98,46,6.56,19.76,105.3,30,10.77,0.64,7.57,76.83,2.38,2.6,22.112,1.7,121.3,5.3,16656,3.5,100.3,0
3/1/2023,12.77,102.88,52,6.79,20.08,97.13,32,10.24,0.72,8.1,73.28,2.31,2.51,22.112,1.7,121.3,5.3,16730,4.4,99.5,-1.5
4/1/2023,12.65,102.65,47,6.63,20.04,80.75,26,9.68,0.69,7.17,79.45,2.16,2.48,22.225,2.4,121.8,3.5,16764,4.5,100.5,-0.7
5/1/2023,12.69,103.56,48,6.69,20.4,74.74,29,9.96,0.73,7.36,71.58,2.15,2.51,22.225,2.4,121.8,3.5,16819,5,100.4,-0.5
6/1/2023,12.89,103.25,47,6.69,20.72,78.59,37,11.32,0.68,7.48,70.25,2.18,2.47,22.225,2.4,121.8,3.5,16810,5.3,99.7,-0.8
7/1/2023,12.93,103.38,47,6.7,20.12,86.02,48,12.81,0.69,8.09,76.07,2.55,2.49,22.506,3,122.9,3.3,16797,4.3,100,-0.7
8/1/2023,13.04,104.52,51,6.86,20.88,86.29,47,12.98,0.7,8.23,81.39,2.58,2.5,22.506,3,122.9,3.3,16800,3.9,100.1,-0.9
9/1/2023,13.25,104.59,49,6.85,20.09,78.98,38,11.82,0.65,7.41,89.43,2.64,2.53,22.506,3,122.9,3.3,16805,3.8,100.3,-0.9
10/1/2023,13.25,104.52,49,6.85,20.68,78.77,33,10.21,0.69,7.36,85.64,2.98,2.54,22.542,2.5,123.3,2.6,16849,3.9,99.6,-1.7
11/1/2023,13.18,104.64,49,6.84,20.11,93.75,31,10.16,0.69,7.79,77.69,2.71,2.53,22.56,2.6,123.5,2.8,16908,4.2,99.8,-0.6
12/1/2023,13.23,104.66,47,6.8,20.06,100.77,34,10.79,0.71,8.29,71.9,2.52,2.53,22.58,2.7,123.7,3,16908,3.9,100,1.7
1/1/2024,13.27,104.86,47,6.81,20.28,114.96,37,11.14,0.72,8.85,76.5,2.74,2.53,22.604,2.2,123.9,2.2,17107,3,100.4,0.4
2/1/2024,13.27,105.11,40,6.63,20.35,108.06,30,11.19,0.71,8.02,78.5,2.6,2.52,22.621,2.3,124.2,2.4,17107,2.7,100.5,0.2
3/1/2024,13.26,105.19,45,6.77,20.41,92.63,30,10.35,0.78,8.02,80.5,2.59,2.51,22.636,2.4,124.4,2.6,17107,2.3,100.6,1.1
4/1/2024,13.25,105.14,39,6.6,20.33,79.11,22,9.79,0.76,7.17,80.5,2.26,2.51,22.639,1.9,124.7,2.4,17197,2.6,100.5,0
5/1/2024,13.23,105.02,39,6.6,20.43,74.56,26,10.2,0.78,7.4,79.5,2.15,2.51,22.654,1.9,125,2.6,17197,2.2,100.5,0.1
6/1/2024,13.17,104.74,38,6.55,20.7,79.65,34,11.88,0.76,7.59,78.5,2.26,2.49,22.672,2,125.2,2.8,17197,2.3,100.5,0.8
7/1/2024,13.13,104.89,40,6.6,20.53,86.99,44,13.21,0.77,8.2,77.5,2.53,2.49,22.693,0.8,125.4,2.1,17329,3.2,100.5,0.5
8/1/2024,13.2,104.64,44,6.71,20.94,85.65,44,13.25,0.76,8.21,77.5,2.69,2.49,22.716,0.9,125.6,2.3,17329,3.1,100.6,0.5
9/1/2024,13.12,104.38,40,6.58,20.13,78.78,34,11.95,0.71,7.38,77.5,2.81,2.47,22.742,1,125.9,2.5,17329,3.1,100.7,0.4
10/1/2024,13.13,104.98,41,6.63,20.46,78.96,27,10.34,0.73,7.44,76.5,2.86,2.44,22.775,1,126.1,2.3,17447,3.6,100.9,1.3
11/1/2024,13.23,105.5,38,6.59,20.4,92.09,27,10.25,0.73,7.67,76.5,3.09,2.44,22.801,1.1,126.4,2.4,17447,3.2,101,1.2
12/1/2024,13.26,106,38,6.61,20.39,107.47,36,11.06,0.75,8.63,76.5,3.33,2.44,22.825,1.1,126.7,2.4,17447,3.2,101.1,1.2
1/1/2025,13.29,106.29,39,6.65,20.1,112.32,38,11.2,0.75,8.8,76.5,3.32,2.46,22.844,1.1,127,2.5,17580,2.8,101.2,0.9
2/1/2025,13.39,106.61,34,6.54,20.27,105.4,31,11.21,0.73,7.73,76.5,2.78,2.45,22.868,1.1,127.2,2.5,17580,2.8,101.3,0.8
3/1/2025,13.4,106.79,38,6.66,20.45,93.76,24,10.4,0.82,7.97,76.5,2.69,2.45,22.892,1.1,127.5,2.5,17580,2.8,101.4,0.9
4/1/2025,13.42,106.85,33,6.53,20.32,78.37,20,9.85,0.8,7.13,75.5,2.46,2.45,22.918,1.2,127.7,2.4,17716,3,101.5,1.1
5/1/2025,13.46,106.74,34,6.56,20.39,74.64,23,10.26,0.83,7.36,75.5,2.6,2.45,22.944,1.3,127.9,2.3,17716,3,101.7,1.2
6/1/2025,13.45,106.5,34,6.55,20.77,79.55,33,11.94,0.81,7.58,75.5,2.87,2.44,22.97,1.3,128.1,2.3,17716,3,101.8,1.3
7/1/2025,13.44,106.26,35,6.57,20.57,86.64,42,13.28,0.82,8.17,74.5,2.98,2.44,22.998,1.3,128.2,2.2,17835,2.9,101.9,1.4
8/1/2025,13.46,106.04,40,6.7,20.88,86.16,41,13.32,0.8,8.17,74.5,2.96,2.45,23.026,1.4,128.4,2.2,17835,2.9,102,1.4
9/1/2025,13.4,105.89,36,6.58,20.21,79.53,30,12.01,0.75,7.36,74.5,3.05,2.43,23.054,1.4,128.6,2.2,17835,2.9,102.1,1.5
10/1/2025,13.45,105.96,37,6.61,20.54,78.97,24,10.39,0.77,7.43,73.5,3.06,2.41,23.083,1.4,128.9,2.2,17926,2.7,102.3,1.4
11/1/2025,13.56,106.21,35,6.59,20.43,92.53,24,10.29,0.77,7.65,73.5,3.18,2.4,23.112,1.4,129.1,2.1,17926,2.7,102.5,1.5
12/1/2025,13.59,106.46,34,6.57,20.57,108.64,33,11.1,0.79,8.64,73.5,3.42,2.4,23.143,1.4,129.3,2.1,17926,2.7,102.7,1.5
