Year,Period,Consumer Price Index,Over-the-Year Percent Change,CPI_MOM,Dates
1913,January,9.8,0.00%,0.00%,01-01-1913
1913,February,9.8,0.00%,0.00%,01-02-1913
1913,March,9.8,0.00%,0.00%,01-03-1913
1913,April,9.8,0.00%,0.00%,01-04-1913
1913,May,9.7,0.00%,-1.00%,01-05-1913
1913,June,9.8,0.00%,1.00%,01-06-1913
1913,July,9.9,0.00%,1.00%,01-07-1913
1913,August,9.9,0.00%,0.00%,01-08-1913
1913,September,10,0.00%,1.00%,01-09-1913
1913,October,10,0.00%,0.00%,01-10-1913
1913,November,10.1,0.00%,1.00%,01-11-1913
1913,December,10,0.00%,-1.00%,01-12-1913
1914,January,10,2.00%,0.00%,01-01-1914
1914,February,9.9,1.00%,-1.00%,01-02-1914
1914,March,9.9,1.00%,0.00%,01-03-1914
1914,April,9.8,0.00%,-1.00%,01-04-1914
1914,May,9.9,2.10%,1.00%,01-05-1914
1914,June,9.9,1.00%,0.00%,01-06-1914
1914,July,10,1.00%,1.00%,01-07-1914
1914,August,10.2,3.00%,2.00%,01-08-1914
1914,September,10.2,2.00%,0.00%,01-09-1914
1914,October,10.1,1.00%,-1.00%,01-10-1914
1914,November,10.2,1.00%,1.00%,01-11-1914
1914,December,10.1,1.00%,-1.00%,01-12-1914
1915,January,10.1,1.00%,0.00%,01-01-1915
1915,February,10,1.00%,-1.00%,01-02-1915
1915,March,9.9,0.00%,-1.00%,01-03-1915
1915,April,10,2.00%,1.00%,01-04-1915
1915,May,10.1,2.00%,1.00%,01-05-1915
1915,June,10.1,2.00%,0.00%,01-06-1915
1915,July,10.1,1.00%,0.00%,01-07-1915
1915,August,10.1,-1.00%,0.00%,01-08-1915
1915,September,10.1,-1.00%,0.00%,01-09-1915
1915,October,10.2,1.00%,1.00%,01-10-1915
1915,November,10.3,1.00%,1.00%,01-11-1915
1915,December,10.3,2.00%,0.00%,01-12-1915
1916,January,10.4,3.00%,1.00%,01-01-1916
1916,February,10.4,4.00%,0.00%,01-02-1916
1916,March,10.5,6.10%,1.00%,01-03-1916
1916,April,10.6,6.00%,1.00%,01-04-1916
1916,May,10.7,5.90%,0.90%,01-05-1916
1916,June,10.8,6.90%,0.90%,01-06-1916
1916,July,10.8,6.90%,0.00%,01-07-1916
1916,August,10.9,7.90%,0.90%,01-08-1916
1916,September,11.1,9.90%,1.80%,01-09-1916
1916,October,11.3,10.80%,1.80%,01-10-1916
1916,November,11.5,11.70%,1.80%,01-11-1916
1916,December,11.6,12.60%,0.90%,01-12-1916
1917,January,11.7,12.50%,0.90%,01-01-1917
1917,February,12,15.40%,2.60%,01-02-1917
1917,March,12,14.30%,0.00%,01-03-1917
1917,April,12.6,18.90%,5.00%,01-04-1917
1917,May,12.8,19.60%,1.60%,01-05-1917
1917,June,13,20.40%,1.60%,01-06-1917
1917,July,12.8,18.50%,-1.50%,01-07-1917
1917,August,13,19.30%,1.60%,01-08-1917
1917,September,13.3,19.80%,2.30%,01-09-1917
1917,October,13.5,19.50%,1.50%,01-10-1917
1917,November,13.5,17.40%,0.00%,01-11-1917
1917,December,13.7,18.10%,1.50%,01-12-1917
1918,January,14,19.70%,2.20%,01-01-1918
1918,February,14.1,17.50%,0.70%,01-02-1918
1918,March,14,16.70%,-0.70%,01-03-1918
1918,April,14.2,12.70%,1.40%,01-04-1918
1918,May,14.5,13.30%,2.10%,01-05-1918
1918,June,14.7,13.10%,1.40%,01-06-1918
1918,July,15.1,18.00%,2.70%,01-07-1918
1918,August,15.4,18.50%,2.00%,01-08-1918
1918,September,15.7,18.00%,1.90%,01-09-1918
1918,October,16,18.50%,1.90%,01-10-1918
1918,November,16.3,20.70%,1.90%,01-11-1918
1918,December,16.5,20.40%,1.20%,01-12-1918
1919,January,16.5,17.90%,0.00%,01-01-1919
1919,February,16.2,14.90%,-1.80%,01-02-1919
1919,March,16.4,17.10%,1.20%,01-03-1919
1919,April,16.7,17.60%,1.80%,01-04-1919
1919,May,16.9,16.60%,1.20%,01-05-1919
1919,June,16.9,15.00%,0.00%,01-06-1919
1919,July,17.4,15.20%,3.00%,01-07-1919
1919,August,17.7,14.90%,1.70%,01-08-1919
1919,September,17.8,13.40%,0.60%,01-09-1919
1919,October,18.1,13.10%,1.70%,01-10-1919
1919,November,18.5,13.50%,2.20%,01-11-1919
1919,December,18.9,14.50%,2.20%,01-12-1919
1920,January,19.3,17.00%,2.10%,01-01-1920
1920,February,19.5,20.40%,1.00%,01-02-1920
1920,March,19.7,20.10%,1.00%,01-03-1920
1920,April,20.3,21.60%,3.00%,01-04-1920
1920,May,20.6,21.90%,1.50%,01-05-1920
1920,June,20.9,23.70%,1.50%,01-06-1920
1920,July,20.8,19.50%,-0.50%,01-07-1920
1920,August,20.3,14.70%,-2.40%,01-08-1920
1920,September,20,12.40%,-1.50%,01-09-1920
1920,October,19.9,9.90%,-0.50%,01-10-1920
1920,November,19.8,7.00%,-0.50%,01-11-1920
1920,December,19.4,2.60%,-2.00%,01-12-1920
1921,January,19,-1.60%,-2.10%,01-01-1921
1921,February,18.4,-5.60%,-3.20%,01-02-1921
1921,March,18.3,-7.10%,-0.50%,01-03-1921
1921,April,18.1,-10.80%,-1.10%,01-04-1921
1921,May,17.7,-14.10%,-2.20%,01-05-1921
1921,June,17.6,-15.80%,-0.60%,01-06-1921
1921,July,17.7,-14.90%,0.60%,01-07-1921
1921,August,17.7,-12.80%,0.00%,01-08-1921
1921,September,17.5,-12.50%,-1.10%,01-09-1921
1921,October,17.5,-12.10%,0.00%,01-10-1921
1921,November,17.4,-12.10%,-0.60%,01-11-1921
1921,December,17.3,-10.80%,-0.60%,01-12-1921
1922,January,16.9,-11.10%,-2.30%,01-01-1922
1922,February,16.9,-8.20%,0.00%,01-02-1922
1922,March,16.7,-8.70%,-1.20%,01-03-1922
1922,April,16.7,-7.70%,0.00%,01-04-1922
1922,May,16.7,-5.60%,0.00%,01-05-1922
1922,June,16.7,-5.10%,0.00%,01-06-1922
1922,July,16.8,-5.10%,0.60%,01-07-1922
1922,August,16.6,-6.20%,-1.20%,01-08-1922
1922,September,16.6,-5.10%,0.00%,01-09-1922
1922,October,16.7,-4.60%,0.60%,01-10-1922
1922,November,16.8,-3.40%,0.60%,01-11-1922
1922,December,16.9,-2.30%,0.60%,01-12-1922
1923,January,16.8,-0.60%,-0.60%,01-01-1923
1923,February,16.8,-0.60%,0.00%,01-02-1923
1923,March,16.8,0.60%,0.00%,01-03-1923
1923,April,16.9,1.20%,0.60%,01-04-1923
1923,May,16.9,1.20%,0.00%,01-05-1923
1923,June,17,1.80%,0.60%,01-06-1923
1923,July,17.2,2.40%,1.20%,01-07-1923
1923,August,17.1,3.00%,-0.60%,01-08-1923
1923,September,17.2,3.60%,0.60%,01-09-1923
1923,October,17.3,3.60%,0.60%,01-10-1923
1923,November,17.3,3.00%,0.00%,01-11-1923
1923,December,17.3,2.40%,0.00%,01-12-1923
1924,January,17.3,3.00%,0.00%,01-01-1924
1924,February,17.2,2.40%,-0.60%,01-02-1924
1924,March,17.1,1.80%,-0.60%,01-03-1924
1924,April,17,0.60%,-0.60%,01-04-1924
1924,May,17,0.60%,0.00%,01-05-1924
1924,June,17,0.00%,0.00%,01-06-1924
1924,July,17.1,-0.60%,0.60%,01-07-1924
1924,August,17,-0.60%,-0.60%,01-08-1924
1924,September,17.1,-0.60%,0.60%,01-09-1924
1924,October,17.2,-0.60%,0.60%,01-10-1924
1924,November,17.2,-0.60%,0.00%,01-11-1924
1924,December,17.3,0.00%,0.60%,01-12-1924
1925,January,17.3,0.00%,0.00%,01-01-1925
1925,February,17.2,0.00%,-0.60%,01-02-1925
1925,March,17.3,1.20%,0.60%,01-03-1925
1925,April,17.2,1.20%,-0.60%,01-04-1925
1925,May,17.3,1.80%,0.60%,01-05-1925
1925,June,17.5,2.90%,1.20%,01-06-1925
1925,July,17.7,3.50%,1.10%,01-07-1925
1925,August,17.7,4.10%,0.00%,01-08-1925
1925,September,17.7,3.50%,0.00%,01-09-1925
1925,October,17.7,2.90%,0.00%,01-10-1925
1925,November,18,4.70%,1.70%,01-11-1925
1925,December,17.9,3.50%,-0.60%,01-12-1925
1926,January,17.9,3.50%,0.00%,01-01-1926
1926,February,17.9,4.10%,0.00%,01-02-1926
1926,March,17.8,2.90%,-0.60%,01-03-1926
1926,April,17.9,4.10%,0.60%,01-04-1926
1926,May,17.8,2.90%,-0.60%,01-05-1926
1926,June,17.7,1.10%,-0.60%,01-06-1926
1926,July,17.5,-1.10%,-1.10%,01-07-1926
1926,August,17.4,-1.70%,-0.60%,01-08-1926
1926,September,17.5,-1.10%,0.60%,01-09-1926
1926,October,17.6,-0.60%,0.60%,01-10-1926
1926,November,17.7,-1.70%,0.60%,01-11-1926
1926,December,17.7,-1.10%,0.00%,01-12-1926
1927,January,17.5,-2.20%,-1.10%,01-01-1927
1927,February,17.4,-2.80%,-0.60%,01-02-1927
1927,March,17.3,-2.80%,-0.60%,01-03-1927
1927,April,17.3,-3.40%,0.00%,01-04-1927
1927,May,17.4,-2.20%,0.60%,01-05-1927
1927,June,17.6,-0.60%,1.10%,01-06-1927
1927,July,17.3,-1.10%,-1.70%,01-07-1927
1927,August,17.2,-1.10%,-0.60%,01-08-1927
1927,September,17.3,-1.10%,0.60%,01-09-1927
1927,October,17.4,-1.10%,0.60%,01-10-1927
1927,November,17.3,-2.30%,-0.60%,01-11-1927
1927,December,17.3,-2.30%,0.00%,01-12-1927
1928,January,17.3,-1.10%,0.00%,01-01-1928
1928,February,17.1,-1.70%,-1.20%,01-02-1928
1928,March,17.1,-1.20%,0.00%,01-03-1928
1928,April,17.1,-1.20%,0.00%,01-04-1928
1928,May,17.2,-1.10%,0.60%,01-05-1928
1928,June,17.1,-2.80%,-0.60%,01-06-1928
1928,July,17.1,-1.20%,0.00%,01-07-1928
1928,August,17.1,-0.60%,0.00%,01-08-1928
1928,September,17.3,0.00%,1.20%,01-09-1928
1928,October,17.2,-1.10%,-0.60%,01-10-1928
1928,November,17.2,-0.60%,0.00%,01-11-1928
1928,December,17.1,-1.20%,-0.60%,01-12-1928
1929,January,17.1,-1.20%,0.00%,01-01-1929
1929,February,17.1,0.00%,0.00%,01-02-1929
1929,March,17,-0.60%,-0.60%,01-03-1929
1929,April,16.9,-1.20%,-0.60%,01-04-1929
1929,May,17,-1.20%,0.60%,01-05-1929
1929,June,17.1,0.00%,0.60%,01-06-1929
1929,July,17.3,1.20%,1.20%,01-07-1929
1929,August,17.3,1.20%,0.00%,01-08-1929
1929,September,17.3,0.00%,0.00%,01-09-1929
1929,October,17.3,0.60%,0.00%,01-10-1929
1929,November,17.3,0.60%,0.00%,01-11-1929
1929,December,17.2,0.60%,-0.60%,01-12-1929
1930,January,17.1,0.00%,-0.60%,01-01-1930
1930,February,17,-0.60%,-0.60%,01-02-1930
1930,March,16.9,-0.60%,-0.60%,01-03-1930
1930,April,17,0.60%,0.60%,01-04-1930
1930,May,16.9,-0.60%,-0.60%,01-05-1930
1930,June,16.8,-1.80%,-0.60%,01-06-1930
1930,July,16.6,-4.00%,-1.20%,01-07-1930
1930,August,16.5,-4.60%,-0.60%,01-08-1930
1930,September,16.6,-4.00%,0.60%,01-09-1930
1930,October,16.5,-4.60%,-0.60%,01-10-1930
1930,November,16.4,-5.20%,-0.60%,01-11-1930
1930,December,16.1,-6.40%,-1.80%,01-12-1930
1931,January,15.9,-7.00%,-1.20%,01-01-1931
1931,February,15.7,-7.60%,-1.30%,01-02-1931
1931,March,15.6,-7.70%,-0.60%,01-03-1931
1931,April,15.5,-8.80%,-0.60%,01-04-1931
1931,May,15.3,-9.50%,-1.30%,01-05-1931
1931,June,15.1,-10.10%,-1.30%,01-06-1931
1931,July,15.1,-9.00%,0.00%,01-07-1931
1931,August,15.1,-8.50%,0.00%,01-08-1931
1931,September,15,-9.60%,-0.70%,01-09-1931
1931,October,14.9,-9.70%,-0.70%,01-10-1931
1931,November,14.7,-10.40%,-1.30%,01-11-1931
1931,December,14.6,-9.30%,-0.70%,01-12-1931
1932,January,14.3,-10.10%,-2.10%,01-01-1932
1932,February,14.1,-10.20%,-1.40%,01-02-1932
1932,March,14,-10.30%,-0.70%,01-03-1932
1932,April,13.9,-10.30%,-0.70%,01-04-1932
1932,May,13.7,-10.50%,-1.40%,01-05-1932
1932,June,13.6,-9.90%,-0.70%,01-06-1932
1932,July,13.6,-9.90%,0.00%,01-07-1932
1932,August,13.5,-10.60%,-0.70%,01-08-1932
1932,September,13.4,-10.70%,-0.70%,01-09-1932
1932,October,13.3,-10.70%,-0.70%,01-10-1932
1932,November,13.2,-10.20%,-0.80%,01-11-1932
1932,December,13.1,-10.30%,-0.80%,01-12-1932
1933,January,12.9,-9.80%,-1.50%,01-01-1933
1933,February,12.7,-9.90%,-1.60%,01-02-1933
1933,March,12.6,-10.00%,-0.80%,01-03-1933
1933,April,12.6,-9.40%,0.00%,01-04-1933
1933,May,12.6,-8.00%,0.00%,01-05-1933
1933,June,12.7,-6.60%,0.80%,01-06-1933
1933,July,13.1,-3.70%,3.10%,01-07-1933
1933,August,13.2,-2.20%,0.80%,01-08-1933
1933,September,13.2,-1.50%,0.00%,01-09-1933
1933,October,13.2,-0.80%,0.00%,01-10-1933
1933,November,13.2,0.00%,0.00%,01-11-1933
1933,December,13.2,0.80%,0.00%,01-12-1933
1934,January,13.2,2.30%,0.00%,01-01-1934
1934,February,13.3,4.70%,0.80%,01-02-1934
1934,March,13.3,5.60%,0.00%,01-03-1934
1934,April,13.3,5.60%,0.00%,01-04-1934
1934,May,13.3,5.60%,0.00%,01-05-1934
1934,June,13.4,5.50%,0.80%,01-06-1934
1934,July,13.4,2.30%,0.00%,01-07-1934
1934,August,13.4,1.50%,0.00%,01-08-1934
1934,September,13.6,3.00%,1.50%,01-09-1934
1934,October,13.5,2.30%,-0.70%,01-10-1934
1934,November,13.5,2.30%,0.00%,01-11-1934
1934,December,13.4,1.50%,-0.70%,01-12-1934
1935,January,13.6,3.00%,1.50%,01-01-1935
1935,February,13.7,3.00%,0.70%,01-02-1935
1935,March,13.7,3.00%,0.00%,01-03-1935
1935,April,13.8,3.80%,0.70%,01-04-1935
1935,May,13.8,3.80%,0.00%,01-05-1935
1935,June,13.7,2.20%,-0.70%,01-06-1935
1935,July,13.7,2.20%,0.00%,01-07-1935
1935,August,13.7,2.20%,0.00%,01-08-1935
1935,September,13.7,0.70%,0.00%,01-09-1935
1935,October,13.7,1.50%,0.00%,01-10-1935
1935,November,13.8,2.20%,0.70%,01-11-1935
1935,December,13.8,3.00%,0.00%,01-12-1935
1936,January,13.8,1.50%,0.00%,01-01-1936
1936,February,13.8,0.70%,0.00%,01-02-1936
1936,March,13.7,0.00%,-0.70%,01-03-1936
1936,April,13.7,-0.70%,0.00%,01-04-1936
1936,May,13.7,-0.70%,0.00%,01-05-1936
1936,June,13.8,0.70%,0.70%,01-06-1936
1936,July,13.9,1.50%,0.70%,01-07-1936
1936,August,14,2.20%,0.70%,01-08-1936
1936,September,14,2.20%,0.00%,01-09-1936
1936,October,14,2.20%,0.00%,01-10-1936
1936,November,14,1.40%,0.00%,01-11-1936
1936,December,14,1.40%,0.00%,01-12-1936
1937,January,14.1,2.20%,0.70%,01-01-1937
1937,February,14.1,2.20%,0.00%,01-02-1937
1937,March,14.2,3.60%,0.70%,01-03-1937
1937,April,14.3,4.40%,0.70%,01-04-1937
1937,May,14.4,5.10%,0.70%,01-05-1937
1937,June,14.4,4.30%,0.00%,01-06-1937
1937,July,14.5,4.30%,0.70%,01-07-1937
1937,August,14.5,3.60%,0.00%,01-08-1937
1937,September,14.6,4.30%,0.70%,01-09-1937
1937,October,14.6,4.30%,0.00%,01-10-1937
1937,November,14.5,3.60%,-0.70%,01-11-1937
1937,December,14.4,2.90%,-0.70%,01-12-1937
1938,January,14.2,0.70%,-1.40%,01-01-1938
1938,February,14.1,0.00%,-0.70%,01-02-1938
1938,March,14.1,-0.70%,0.00%,01-03-1938
1938,April,14.2,-0.70%,0.70%,01-04-1938
1938,May,14.1,-2.10%,-0.70%,01-05-1938
1938,June,14.1,-2.10%,0.00%,01-06-1938
1938,July,14.1,-2.80%,0.00%,01-07-1938
1938,August,14.1,-2.80%,0.00%,01-08-1938
1938,September,14.1,-3.40%,0.00%,01-09-1938
1938,October,14,-4.10%,-0.70%,01-10-1938
1938,November,14,-3.40%,0.00%,01-11-1938
1938,December,14,-2.80%,0.00%,01-12-1938
1939,January,14,-1.40%,0.00%,01-01-1939
1939,February,13.9,-1.40%,-0.70%,01-02-1939
1939,March,13.9,-1.40%,0.00%,01-03-1939
1939,April,13.8,-2.80%,-0.70%,01-04-1939
1939,May,13.8,-2.10%,0.00%,01-05-1939
1939,June,13.8,-2.10%,0.00%,01-06-1939
1939,July,13.8,-2.10%,0.00%,01-07-1939
1939,August,13.8,-2.10%,0.00%,01-08-1939
1939,September,14.1,0.00%,2.20%,01-09-1939
1939,October,14,0.00%,-0.70%,01-10-1939
1939,November,14,0.00%,0.00%,01-11-1939
1939,December,14,0.00%,0.00%,01-12-1939
1940,January,13.9,-0.70%,-0.70%,01-01-1940
1940,February,14,0.70%,0.70%,01-02-1940
1940,March,14,0.70%,0.00%,01-03-1940
1940,April,14,1.40%,0.00%,01-04-1940
1940,May,14,1.40%,0.00%,01-05-1940
1940,June,14.1,2.20%,0.70%,01-06-1940
1940,July,14,1.40%,-0.70%,01-07-1940
1940,August,14,1.40%,0.00%,01-08-1940
1940,September,14,-0.70%,0.00%,01-09-1940
1940,October,14,0.00%,0.00%,01-10-1940
1940,November,14,0.00%,0.00%,01-11-1940
1940,December,14.1,0.70%,0.70%,01-12-1940
1941,January,14.1,1.40%,0.00%,01-01-1941
1941,February,14.1,0.70%,0.00%,01-02-1941
1941,March,14.2,1.40%,0.70%,01-03-1941
1941,April,14.3,2.10%,0.70%,01-04-1941
1941,May,14.4,2.90%,0.70%,01-05-1941
1941,June,14.7,4.30%,2.10%,01-06-1941
1941,July,14.7,5.00%,0.00%,01-07-1941
1941,August,14.9,6.40%,1.40%,01-08-1941
1941,September,15.1,7.90%,1.30%,01-09-1941
1941,October,15.3,9.30%,1.30%,01-10-1941
1941,November,15.4,10.00%,0.70%,01-11-1941
1941,December,15.5,9.90%,0.60%,01-12-1941
1942,January,15.7,11.30%,1.30%,01-01-1942
1942,February,15.8,12.10%,0.60%,01-02-1942
1942,March,16,12.70%,1.30%,01-03-1942
1942,April,16.1,12.60%,0.60%,01-04-1942
1942,May,16.3,13.20%,1.20%,01-05-1942
1942,June,16.3,10.90%,0.00%,01-06-1942
1942,July,16.4,11.60%,0.60%,01-07-1942
1942,August,16.5,10.70%,0.60%,01-08-1942
1942,September,16.5,9.30%,0.00%,01-09-1942
1942,October,16.7,9.20%,1.20%,01-10-1942
1942,November,16.8,9.10%,0.60%,01-11-1942
1942,December,16.9,9.00%,0.60%,01-12-1942
1943,January,16.9,7.60%,0.00%,01-01-1943
1943,February,16.9,7.00%,0.00%,01-02-1943
1943,March,17.2,7.50%,1.80%,01-03-1943
1943,April,17.4,8.10%,1.20%,01-04-1943
1943,May,17.5,7.40%,0.60%,01-05-1943
1943,June,17.5,7.40%,0.00%,01-06-1943
1943,July,17.4,6.10%,-0.60%,01-07-1943
1943,August,17.3,4.80%,-0.60%,01-08-1943
1943,September,17.4,5.50%,0.60%,01-09-1943
1943,October,17.4,4.20%,0.00%,01-10-1943
1943,November,17.4,3.60%,0.00%,01-11-1943
1943,December,17.4,3.00%,0.00%,01-12-1943
1944,January,17.4,3.00%,0.00%,01-01-1944
1944,February,17.4,3.00%,0.00%,01-02-1944
1944,March,17.4,1.20%,0.00%,01-03-1944
1944,April,17.5,0.60%,0.60%,01-04-1944
1944,May,17.5,0.00%,0.00%,01-05-1944
1944,June,17.6,0.60%,0.60%,01-06-1944
1944,July,17.7,1.70%,0.60%,01-07-1944
1944,August,17.7,2.30%,0.00%,01-08-1944
1944,September,17.7,1.70%,0.00%,01-09-1944
1944,October,17.7,1.70%,0.00%,01-10-1944
1944,November,17.7,1.70%,0.00%,01-11-1944
1944,December,17.8,2.30%,0.60%,01-12-1944
1945,January,17.8,2.30%,0.00%,01-01-1945
1945,February,17.8,2.30%,0.00%,01-02-1945
1945,March,17.8,2.30%,0.00%,01-03-1945
1945,April,17.8,1.70%,0.00%,01-04-1945
1945,May,17.9,2.30%,0.60%,01-05-1945
1945,June,18.1,2.80%,1.10%,01-06-1945
1945,July,18.1,2.30%,0.00%,01-07-1945
1945,August,18.1,2.30%,0.00%,01-08-1945
1945,September,18.1,2.30%,0.00%,01-09-1945
1945,October,18.1,2.30%,0.00%,01-10-1945
1945,November,18.1,2.30%,0.00%,01-11-1945
1945,December,18.2,2.20%,0.60%,01-12-1945
1946,January,18.2,2.20%,0.00%,01-01-1946
1946,February,18.1,1.70%,-0.50%,01-02-1946
1946,March,18.3,2.80%,1.10%,01-03-1946
1946,April,18.4,3.40%,0.50%,01-04-1946
1946,May,18.5,3.40%,0.50%,01-05-1946
1946,June,18.7,3.30%,1.10%,01-06-1946
1946,July,19.8,9.40%,5.90%,01-07-1946
1946,August,20.2,11.60%,2.00%,01-08-1946
1946,September,20.4,12.70%,1.00%,01-09-1946
1946,October,20.8,14.90%,2.00%,01-10-1946
1946,November,21.3,17.70%,2.40%,01-11-1946
1946,December,21.5,18.10%,0.90%,01-12-1946
1947,January,21.5,18.10%,0.00%,01-01-1947
1947,February,21.5,18.80%,0.00%,01-02-1947
1947,March,21.9,19.70%,1.90%,01-03-1947
1947,April,21.9,19.00%,0.00%,01-04-1947
1947,May,21.9,18.40%,0.00%,01-05-1947
1947,June,22,17.60%,0.50%,01-06-1947
1947,July,22.2,12.10%,0.90%,01-07-1947
1947,August,22.5,11.40%,1.40%,01-08-1947
1947,September,23,12.70%,2.20%,01-09-1947
1947,October,23,10.60%,0.00%,01-10-1947
1947,November,23.1,8.50%,0.40%,01-11-1947
1947,December,23.4,8.80%,1.30%,01-12-1947
1948,January,23.7,10.20%,1.30%,01-01-1948
1948,February,23.5,9.30%,-0.80%,01-02-1948
1948,March,23.4,6.80%,-0.40%,01-03-1948
1948,April,23.8,8.70%,1.70%,01-04-1948
1948,May,23.9,9.10%,0.40%,01-05-1948
1948,June,24.1,9.50%,0.80%,01-06-1948
1948,July,24.4,9.90%,1.20%,01-07-1948
1948,August,24.5,8.90%,0.40%,01-08-1948
1948,September,24.5,6.50%,0.00%,01-09-1948
1948,October,24.4,6.10%,-0.40%,01-10-1948
1948,November,24.2,4.80%,-0.80%,01-11-1948
1948,December,24.1,3.00%,-0.40%,01-12-1948
1949,January,24,1.30%,-0.40%,01-01-1949
1949,February,23.8,1.30%,-0.80%,01-02-1949
1949,March,23.8,1.70%,0.00%,01-03-1949
1949,April,23.9,0.40%,0.40%,01-04-1949
1949,May,23.8,-0.40%,-0.40%,01-05-1949
1949,June,23.9,-0.80%,0.40%,01-06-1949
1949,July,23.7,-2.90%,-0.80%,01-07-1949
1949,August,23.8,-2.90%,0.40%,01-08-1949
1949,September,23.9,-2.40%,0.40%,01-09-1949
1949,October,23.7,-2.90%,-0.80%,01-10-1949
1949,November,23.8,-1.70%,0.40%,01-11-1949
1949,December,23.6,-2.10%,-0.80%,01-12-1949
1950,January,23.5,-2.10%,-0.40%,01-01-1950
1950,February,23.5,-1.30%,0.00%,01-02-1950
1950,March,23.6,-0.80%,0.40%,01-03-1950
1950,April,23.6,-1.30%,0.00%,01-04-1950
1950,May,23.7,-0.40%,0.40%,01-05-1950
1950,June,23.8,-0.40%,0.40%,01-06-1950
1950,July,24.1,1.70%,1.30%,01-07-1950
1950,August,24.3,2.10%,0.80%,01-08-1950
1950,September,24.4,2.10%,0.40%,01-09-1950
1950,October,24.6,3.80%,0.80%,01-10-1950
1950,November,24.7,3.80%,0.40%,01-11-1950
1950,December,25,5.90%,1.20%,01-12-1950
1951,January,25.4,8.10%,1.60%,01-01-1951
1951,February,25.7,9.40%,1.20%,01-02-1951
1951,March,25.8,9.30%,0.40%,01-03-1951
1951,April,25.8,9.30%,0.00%,01-04-1951
1951,May,25.9,9.30%,0.40%,01-05-1951
1951,June,25.9,8.80%,0.00%,01-06-1951
1951,July,25.9,7.50%,0.00%,01-07-1951
1951,August,25.9,6.60%,0.00%,01-08-1951
1951,September,26.1,7.00%,0.80%,01-09-1951
1951,October,26.2,6.50%,0.40%,01-10-1951
1951,November,26.4,6.90%,0.80%,01-11-1951
1951,December,26.5,6.00%,0.40%,01-12-1951
1952,January,26.5,4.30%,0.00%,01-01-1952
1952,February,26.3,2.30%,-0.80%,01-02-1952
1952,March,26.3,1.90%,0.00%,01-03-1952
1952,April,26.4,2.30%,0.40%,01-04-1952
1952,May,26.4,1.90%,0.00%,01-05-1952
1952,June,26.5,2.30%,0.40%,01-06-1952
1952,July,26.7,3.10%,0.80%,01-07-1952
1952,August,26.7,3.10%,0.00%,01-08-1952
1952,September,26.7,2.30%,0.00%,01-09-1952
1952,October,26.7,1.90%,0.00%,01-10-1952
1952,November,26.7,1.10%,0.00%,01-11-1952
1952,December,26.7,0.80%,0.00%,01-12-1952
1953,January,26.6,0.40%,-0.40%,01-01-1953
1953,February,26.5,0.80%,-0.40%,01-02-1953
1953,March,26.6,1.10%,0.40%,01-03-1953
1953,April,26.6,0.80%,0.00%,01-04-1953
1953,May,26.7,1.10%,0.40%,01-05-1953
1953,June,26.8,1.10%,0.40%,01-06-1953
1953,July,26.8,0.40%,0.00%,01-07-1953
1953,August,26.9,0.70%,0.40%,01-08-1953
1953,September,26.9,0.70%,0.00%,01-09-1953
1953,October,27,1.10%,0.40%,01-10-1953
1953,November,26.9,0.70%,-0.40%,01-11-1953
1953,December,26.9,0.70%,0.00%,01-12-1953
1954,January,26.9,1.10%,0.00%,01-01-1954
1954,February,26.9,1.50%,0.00%,01-02-1954
1954,March,26.9,1.10%,0.00%,01-03-1954
1954,April,26.8,0.80%,-0.40%,01-04-1954
1954,May,26.9,0.70%,0.40%,01-05-1954
1954,June,26.9,0.40%,0.00%,01-06-1954
1954,July,26.9,0.40%,0.00%,01-07-1954
1954,August,26.9,0.00%,0.00%,01-08-1954
1954,September,26.8,-0.40%,-0.40%,01-09-1954
1954,October,26.8,-0.70%,0.00%,01-10-1954
1954,November,26.8,-0.40%,0.00%,01-11-1954
1954,December,26.7,-0.70%,-0.40%,01-12-1954
1955,January,26.7,-0.70%,0.00%,01-01-1955
1955,February,26.7,-0.70%,0.00%,01-02-1955
1955,March,26.7,-0.70%,0.00%,01-03-1955
1955,April,26.7,-0.40%,0.00%,01-04-1955
1955,May,26.7,-0.70%,0.00%,01-05-1955
1955,June,26.7,-0.70%,0.00%,01-06-1955
1955,July,26.8,-0.40%,0.40%,01-07-1955
1955,August,26.8,-0.40%,0.00%,01-08-1955
1955,September,26.9,0.40%,0.40%,01-09-1955
1955,October,26.9,0.40%,0.00%,01-10-1955
1955,November,26.9,0.40%,0.00%,01-11-1955
1955,December,26.8,0.40%,-0.40%,01-12-1955
1956,January,26.8,0.40%,0.00%,01-01-1956
1956,February,26.8,0.40%,0.00%,01-02-1956
1956,March,26.8,0.40%,0.00%,01-03-1956
1956,April,26.9,0.70%,0.40%,01-04-1956
1956,May,27,1.10%,0.40%,01-05-1956
1956,June,27.2,1.90%,0.70%,01-06-1956
1956,July,27.4,2.20%,0.70%,01-07-1956
1956,August,27.3,1.90%,-0.40%,01-08-1956
1956,September,27.4,1.90%,0.40%,01-09-1956
1956,October,27.5,2.20%,0.40%,01-10-1956
1956,November,27.5,2.20%,0.00%,01-11-1956
1956,December,27.6,3.00%,0.40%,01-12-1956
1957,January,27.6,3.00%,0.00%,01-01-1957
1957,February,27.7,3.40%,0.40%,01-02-1957
1957,March,27.8,3.70%,0.40%,01-03-1957
1957,April,27.9,3.70%,0.40%,01-04-1957
1957,May,28,3.70%,0.40%,01-05-1957
1957,June,28.1,3.30%,0.40%,01-06-1957
1957,July,28.3,3.30%,0.70%,01-07-1957
1957,August,28.3,3.70%,0.00%,01-08-1957
1957,September,28.3,3.30%,0.00%,01-09-1957
1957,October,28.3,2.90%,0.00%,01-10-1957
1957,November,28.4,3.30%,0.40%,01-11-1957
1957,December,28.4,2.90%,0.00%,01-12-1957
1958,January,28.6,3.60%,0.70%,01-01-1958
1958,February,28.6,3.20%,0.00%,01-02-1958
1958,March,28.8,3.60%,0.70%,01-03-1958
1958,April,28.9,3.60%,0.30%,01-04-1958
1958,May,28.9,3.20%,0.00%,01-05-1958
1958,June,28.9,2.80%,0.00%,01-06-1958
1958,July,29,2.50%,0.30%,01-07-1958
1958,August,28.9,2.10%,-0.30%,01-08-1958
1958,September,28.9,2.10%,0.00%,01-09-1958
1958,October,28.9,2.10%,0.00%,01-10-1958
1958,November,29,2.10%,0.30%,01-11-1958
1958,December,28.9,1.80%,-0.30%,01-12-1958
1959,January,29,1.40%,0.30%,01-01-1959
1959,February,28.9,1.00%,-0.30%,01-02-1959
1959,March,28.9,0.30%,0.00%,01-03-1959
1959,April,29,0.30%,0.30%,01-04-1959
1959,May,29,0.30%,0.00%,01-05-1959
1959,June,29.1,0.70%,0.30%,01-06-1959
1959,July,29.2,0.70%,0.30%,01-07-1959
1959,August,29.2,1.00%,0.00%,01-08-1959
1959,September,29.3,1.40%,0.30%,01-09-1959
1959,October,29.4,1.70%,0.30%,01-10-1959
1959,November,29.4,1.40%,0.00%,01-11-1959
1959,December,29.4,1.70%,0.00%,01-12-1959
1960,January,29.3,1.00%,-0.30%,01-01-1960
1960,February,29.4,1.70%,0.30%,01-02-1960
1960,March,29.4,1.70%,0.00%,01-03-1960
1960,April,29.5,1.70%,0.30%,01-04-1960
1960,May,29.5,1.70%,0.00%,01-05-1960
1960,June,29.6,1.70%,0.30%,01-06-1960
1960,July,29.6,1.40%,0.00%,01-07-1960
1960,August,29.6,1.40%,0.00%,01-08-1960
1960,September,29.6,1.00%,0.00%,01-09-1960
1960,October,29.8,1.40%,0.70%,01-10-1960
1960,November,29.8,1.40%,0.00%,01-11-1960
1960,December,29.8,1.40%,0.00%,01-12-1960
1961,January,29.8,1.70%,0.00%,01-01-1961
1961,February,29.8,1.40%,0.00%,01-02-1961
1961,March,29.8,1.40%,0.00%,01-03-1961
1961,April,29.8,1.00%,0.00%,01-04-1961
1961,May,29.8,1.00%,0.00%,01-05-1961
1961,June,29.8,0.70%,0.00%,01-06-1961
1961,July,30,1.40%,0.70%,01-07-1961
1961,August,29.9,1.00%,-0.30%,01-08-1961
1961,September,30,1.40%,0.30%,01-09-1961
1961,October,30,0.70%,0.00%,01-10-1961
1961,November,30,0.70%,0.00%,01-11-1961
1961,December,30,0.70%,0.00%,01-12-1961
1962,January,30,0.70%,0.00%,01-01-1962
1962,February,30.1,1.00%,0.30%,01-02-1962
1962,March,30.1,1.00%,0.00%,01-03-1962
1962,April,30.2,1.30%,0.30%,01-04-1962
1962,May,30.2,1.30%,0.00%,01-05-1962
1962,June,30.2,1.30%,0.00%,01-06-1962
1962,July,30.3,1.00%,0.30%,01-07-1962
1962,August,30.3,1.30%,0.00%,01-08-1962
1962,September,30.4,1.30%,0.30%,01-09-1962
1962,October,30.4,1.30%,0.00%,01-10-1962
1962,November,30.4,1.30%,0.00%,01-11-1962
1962,December,30.4,1.30%,0.00%,01-12-1962
1963,January,30.4,1.30%,0.00%,01-01-1963
1963,February,30.4,1.00%,0.00%,01-02-1963
1963,March,30.5,1.30%,0.30%,01-03-1963
1963,April,30.5,1.00%,0.00%,01-04-1963
1963,May,30.5,1.00%,0.00%,01-05-1963
1963,June,30.6,1.30%,0.30%,01-06-1963
1963,July,30.7,1.30%,0.30%,01-07-1963
1963,August,30.7,1.30%,0.00%,01-08-1963
1963,September,30.7,1.00%,0.00%,01-09-1963
1963,October,30.8,1.30%,0.30%,01-10-1963
1963,November,30.8,1.30%,0.00%,01-11-1963
1963,December,30.9,1.60%,0.30%,01-12-1963
1964,January,30.9,1.60%,0.00%,01-01-1964
1964,February,30.9,1.60%,0.00%,01-02-1964
1964,March,30.9,1.30%,0.00%,01-03-1964
1964,April,30.9,1.30%,0.00%,01-04-1964
1964,May,30.9,1.30%,0.00%,01-05-1964
1964,June,31,1.30%,0.30%,01-06-1964
1964,July,31.1,1.30%,0.30%,01-07-1964
1964,August,31,1.00%,-0.30%,01-08-1964
1964,September,31.1,1.30%,0.30%,01-09-1964
1964,October,31.1,1.00%,0.00%,01-10-1964
1964,November,31.2,1.30%,0.30%,01-11-1964
1964,December,31.2,1.00%,0.00%,01-12-1964
1965,January,31.2,1.00%,0.00%,01-01-1965
1965,February,31.2,1.00%,0.00%,01-02-1965
1965,March,31.3,1.30%,0.30%,01-03-1965
1965,April,31.4,1.60%,0.30%,01-04-1965
1965,May,31.4,1.60%,0.00%,01-05-1965
1965,June,31.6,1.90%,0.60%,01-06-1965
1965,July,31.6,1.60%,0.00%,01-07-1965
1965,August,31.6,1.90%,0.00%,01-08-1965
1965,September,31.6,1.60%,0.00%,01-09-1965
1965,October,31.7,1.90%,0.30%,01-10-1965
1965,November,31.7,1.60%,0.00%,01-11-1965
1965,December,31.8,1.90%,0.30%,01-12-1965
1966,January,31.8,1.90%,0.00%,01-01-1966
1966,February,32,2.60%,0.60%,01-02-1966
1966,March,32.1,2.60%,0.30%,01-03-1966
1966,April,32.3,2.90%,0.60%,01-04-1966
1966,May,32.3,2.90%,0.00%,01-05-1966
1966,June,32.4,2.50%,0.30%,01-06-1966
1966,July,32.5,2.80%,0.30%,01-07-1966
1966,August,32.7,3.50%,0.60%,01-08-1966
1966,September,32.7,3.50%,0.00%,01-09-1966
1966,October,32.9,3.80%,0.60%,01-10-1966
1966,November,32.9,3.80%,0.00%,01-11-1966
1966,December,32.9,3.50%,0.00%,01-12-1966
1967,January,32.9,3.50%,0.00%,01-01-1967
1967,February,32.9,2.80%,0.00%,01-02-1967
1967,March,33,2.80%,0.30%,01-03-1967
1967,April,33.1,2.50%,0.30%,01-04-1967
1967,May,33.2,2.80%,0.30%,01-05-1967
1967,June,33.3,2.80%,0.30%,01-06-1967
1967,July,33.4,2.80%,0.30%,01-07-1967
1967,August,33.5,2.40%,0.30%,01-08-1967
1967,September,33.6,2.80%,0.30%,01-09-1967
1967,October,33.7,2.40%,0.30%,01-10-1967
1967,November,33.8,2.70%,0.30%,01-11-1967
1967,December,33.9,3.00%,0.30%,01-12-1967
1968,January,34.1,3.60%,0.60%,01-01-1968
1968,February,34.2,4.00%,0.30%,01-02-1968
1968,March,34.3,3.90%,0.30%,01-03-1968
1968,April,34.4,3.90%,0.30%,01-04-1968
1968,May,34.5,3.90%,0.30%,01-05-1968
1968,June,34.7,4.20%,0.60%,01-06-1968
1968,July,34.9,4.50%,0.60%,01-07-1968
1968,August,35,4.50%,0.30%,01-08-1968
1968,September,35.1,4.50%,0.30%,01-09-1968
1968,October,35.3,4.70%,0.60%,01-10-1968
1968,November,35.4,4.70%,0.30%,01-11-1968
1968,December,35.5,4.70%,0.30%,01-12-1968
1969,January,35.6,4.40%,0.30%,01-01-1969
1969,February,35.8,4.70%,0.60%,01-02-1969
1969,March,36.1,5.20%,0.80%,01-03-1969
1969,April,36.3,5.50%,0.60%,01-04-1969
1969,May,36.4,5.50%,0.30%,01-05-1969
1969,June,36.6,5.50%,0.50%,01-06-1969
1969,July,36.8,5.40%,0.50%,01-07-1969
1969,August,37,5.70%,0.50%,01-08-1969
1969,September,37.1,5.70%,0.30%,01-09-1969
1969,October,37.3,5.70%,0.50%,01-10-1969
1969,November,37.5,5.90%,0.50%,01-11-1969
1969,December,37.7,6.20%,0.50%,01-12-1969
1970,January,37.8,6.20%,0.30%,01-01-1970
1970,February,38,6.10%,0.50%,01-02-1970
1970,March,38.2,5.80%,0.50%,01-03-1970
1970,April,38.5,6.10%,0.80%,01-04-1970
1970,May,38.6,6.00%,0.30%,01-05-1970
1970,June,38.8,6.00%,0.50%,01-06-1970
1970,July,39,6.00%,0.50%,01-07-1970
1970,August,39,5.40%,0.00%,01-08-1970
1970,September,39.2,5.70%,0.50%,01-09-1970
1970,October,39.4,5.60%,0.50%,01-10-1970
1970,November,39.6,5.60%,0.50%,01-11-1970
1970,December,39.8,5.60%,0.50%,01-12-1970
1971,January,39.8,5.30%,0.00%,01-01-1971
1971,February,39.9,5.00%,0.30%,01-02-1971
1971,March,40,4.70%,0.30%,01-03-1971
1971,April,40.1,4.20%,0.30%,01-04-1971
1971,May,40.3,4.40%,0.50%,01-05-1971
1971,June,40.6,4.60%,0.70%,01-06-1971
1971,July,40.7,4.40%,0.20%,01-07-1971
1971,August,40.8,4.60%,0.20%,01-08-1971
1971,September,40.8,4.10%,0.00%,01-09-1971
1971,October,40.9,3.80%,0.20%,01-10-1971
1971,November,40.9,3.30%,0.00%,01-11-1971
1971,December,41.1,3.30%,0.50%,01-12-1971
1972,January,41.1,3.30%,0.00%,01-01-1972
1972,February,41.3,3.50%,0.50%,01-02-1972
1972,March,41.4,3.50%,0.20%,01-03-1972
1972,April,41.5,3.50%,0.20%,01-04-1972
1972,May,41.6,3.20%,0.20%,01-05-1972
1972,June,41.7,2.70%,0.20%,01-06-1972
1972,July,41.9,2.90%,0.50%,01-07-1972
1972,August,42,2.90%,0.20%,01-08-1972
1972,September,42.1,3.20%,0.20%,01-09-1972
1972,October,42.3,3.40%,0.50%,01-10-1972
1972,November,42.4,3.70%,0.20%,01-11-1972
1972,December,42.5,3.40%,0.20%,01-12-1972
1973,January,42.6,3.60%,0.20%,01-01-1973
1973,February,42.9,3.90%,0.70%,01-02-1973
1973,March,43.3,4.60%,0.90%,01-03-1973
1973,April,43.6,5.10%,0.70%,01-04-1973
1973,May,43.9,5.50%,0.70%,01-05-1973
1973,June,44.2,6.00%,0.70%,01-06-1973
1973,July,44.3,5.70%,0.20%,01-07-1973
1973,August,45.1,7.40%,1.80%,01-08-1973
1973,September,45.2,7.40%,0.20%,01-09-1973
1973,October,45.6,7.80%,0.90%,01-10-1973
1973,November,45.9,8.30%,0.70%,01-11-1973
1973,December,46.2,8.70%,0.70%,01-12-1973
1974,January,46.6,9.40%,0.90%,01-01-1974
1974,February,47.2,10.00%,1.30%,01-02-1974
1974,March,47.8,10.40%,1.30%,01-03-1974
1974,April,48,10.10%,0.40%,01-04-1974
1974,May,48.6,10.70%,1.30%,01-05-1974
1974,June,49,10.90%,0.80%,01-06-1974
1974,July,49.4,11.50%,0.80%,01-07-1974
1974,August,50,10.90%,1.20%,01-08-1974
1974,September,50.6,11.90%,1.20%,01-09-1974
1974,October,51.1,12.10%,1.00%,01-10-1974
1974,November,51.5,12.20%,0.80%,01-11-1974
1974,December,51.9,12.30%,0.80%,01-12-1974
1975,January,52.1,11.80%,0.40%,01-01-1975
1975,February,52.5,11.20%,0.80%,01-02-1975
1975,March,52.7,10.30%,0.40%,01-03-1975
1975,April,52.9,10.20%,0.40%,01-04-1975
1975,May,53.2,9.50%,0.60%,01-05-1975
1975,June,53.6,9.40%,0.80%,01-06-1975
1975,July,54.2,9.70%,1.10%,01-07-1975
1975,August,54.3,8.60%,0.20%,01-08-1975
1975,September,54.6,7.90%,0.60%,01-09-1975
1975,October,54.9,7.40%,0.50%,01-10-1975
1975,November,55.3,7.40%,0.70%,01-11-1975
1975,December,55.5,6.90%,0.40%,01-12-1975
1976,January,55.6,6.70%,0.20%,01-01-1976
1976,February,55.8,6.30%,0.40%,01-02-1976
1976,March,55.9,6.10%,0.20%,01-03-1976
1976,April,56.1,6.00%,0.40%,01-04-1976
1976,May,56.5,6.20%,0.70%,01-05-1976
1976,June,56.8,6.00%,0.50%,01-06-1976
1976,July,57.1,5.40%,0.50%,01-07-1976
1976,August,57.4,5.70%,0.50%,01-08-1976
1976,September,57.6,5.50%,0.30%,01-09-1976
1976,October,57.9,5.50%,0.50%,01-10-1976
1976,November,58,4.90%,0.20%,01-11-1976
1976,December,58.2,4.90%,0.30%,01-12-1976
1977,January,58.5,5.20%,0.50%,01-01-1977
1977,February,59.1,5.90%,1.00%,01-02-1977
1977,March,59.5,6.40%,0.70%,01-03-1977
1977,April,60,7.00%,0.80%,01-04-1977
1977,May,60.3,6.70%,0.50%,01-05-1977
1977,June,60.7,6.90%,0.70%,01-06-1977
1977,July,61,6.80%,0.50%,01-07-1977
1977,August,61.2,6.60%,0.30%,01-08-1977
1977,September,61.4,6.60%,0.30%,01-09-1977
1977,October,61.6,6.40%,0.30%,01-10-1977
1977,November,61.9,6.70%,0.50%,01-11-1977
1977,December,62.1,6.70%,0.30%,01-12-1977
1978,January,62.5,6.80%,0.60%,01-01-1978
1978,February,62.9,6.40%,0.60%,01-02-1978
1978,March,63.4,6.60%,0.80%,01-03-1978
1978,April,63.9,6.50%,0.80%,01-04-1978
1978,May,64.5,7.00%,0.90%,01-05-1978
1978,June,65.2,7.40%,1.10%,01-06-1978
1978,July,65.7,7.70%,0.80%,01-07-1978
1978,August,66,7.80%,0.50%,01-08-1978
1978,September,66.5,8.30%,0.80%,01-09-1978
1978,October,67.1,8.90%,0.90%,01-10-1978
1978,November,67.4,8.90%,0.40%,01-11-1978
1978,December,67.7,9.00%,0.40%,01-12-1978
1979,January,68.3,9.30%,0.90%,01-01-1979
1979,February,69.1,9.90%,1.20%,01-02-1979
1979,March,69.8,10.10%,1.00%,01-03-1979
1979,April,70.6,10.50%,1.10%,01-04-1979
1979,May,71.5,10.90%,1.30%,01-05-1979
1979,June,72.3,10.90%,1.10%,01-06-1979
1979,July,73.1,11.30%,1.10%,01-07-1979
1979,August,73.8,11.80%,1.00%,01-08-1979
1979,September,74.6,12.20%,1.10%,01-09-1979
1979,October,75.2,12.10%,0.80%,01-10-1979
1979,November,75.9,12.60%,0.90%,01-11-1979
1979,December,76.7,13.30%,1.10%,01-12-1979
1980,January,77.8,13.90%,1.40%,01-01-1980
1980,February,78.9,14.20%,1.40%,01-02-1980
1980,March,80.1,14.80%,1.50%,01-03-1980
1980,April,81,14.70%,1.10%,01-04-1980
1980,May,81.8,14.40%,1.00%,01-05-1980
1980,June,82.7,14.40%,1.10%,01-06-1980
1980,July,82.7,13.10%,0.00%,01-07-1980
1980,August,83.3,12.90%,0.70%,01-08-1980
1980,September,84,12.60%,0.80%,01-09-1980
1980,October,84.8,12.80%,1.00%,01-10-1980
1980,November,85.5,12.60%,0.80%,01-11-1980
1980,December,86.3,12.50%,0.90%,01-12-1980
1981,January,87,11.80%,0.80%,01-01-1981
1981,February,87.9,11.40%,1.00%,01-02-1981
1981,March,88.5,10.50%,0.70%,01-03-1981
1981,April,89.1,10.00%,0.70%,01-04-1981
1981,May,89.8,9.80%,0.80%,01-05-1981
1981,June,90.6,9.60%,0.90%,01-06-1981
1981,July,91.6,10.80%,1.10%,01-07-1981
1981,August,92.3,10.80%,0.80%,01-08-1981
1981,September,93.2,11.00%,1.00%,01-09-1981
1981,October,93.4,10.10%,0.20%,01-10-1981
1981,November,93.7,9.60%,0.30%,01-11-1981
1981,December,94,8.90%,0.30%,01-12-1981
1982,January,94.3,8.40%,0.30%,01-01-1982
1982,February,94.6,7.60%,0.30%,01-02-1982
1982,March,94.5,6.80%,-0.10%,01-03-1982
1982,April,94.9,6.50%,0.40%,01-04-1982
1982,May,95.8,6.70%,0.90%,01-05-1982
1982,June,97,7.10%,1.30%,01-06-1982
1982,July,97.5,6.40%,0.50%,01-07-1982
1982,August,97.7,5.90%,0.20%,01-08-1982
1982,September,97.9,5.00%,0.20%,01-09-1982
1982,October,98.2,5.10%,0.30%,01-10-1982
1982,November,98,4.60%,-0.20%,01-11-1982
1982,December,97.6,3.80%,-0.40%,01-12-1982
1983,January,97.8,3.70%,0.20%,01-01-1983
1983,February,97.9,3.50%,0.10%,01-02-1983
1983,March,97.9,3.60%,0.00%,01-03-1983
1983,April,98.6,3.90%,0.70%,01-04-1983
1983,May,99.2,3.50%,0.60%,01-05-1983
1983,June,99.5,2.60%,0.30%,01-06-1983
1983,July,99.9,2.50%,0.40%,01-07-1983
1983,August,100.2,2.60%,0.30%,01-08-1983
1983,September,100.7,2.90%,0.50%,01-09-1983
1983,October,101,2.90%,0.30%,01-10-1983
1983,November,101.2,3.30%,0.20%,01-11-1983
1983,December,101.3,3.80%,0.10%,01-12-1983
1984,January,101.9,4.20%,0.60%,01-01-1984
1984,February,102.4,4.60%,0.50%,01-02-1984
1984,March,102.6,4.80%,0.20%,01-03-1984
1984,April,103.1,4.60%,0.50%,01-04-1984
1984,May,103.4,4.20%,0.30%,01-05-1984
1984,June,103.7,4.20%,0.30%,01-06-1984
1984,July,104.1,4.20%,0.40%,01-07-1984
1984,August,104.5,4.30%,0.40%,01-08-1984
1984,September,105,4.30%,0.50%,01-09-1984
1984,October,105.3,4.30%,0.30%,01-10-1984
1984,November,105.3,4.10%,0.00%,01-11-1984
1984,December,105.3,3.90%,0.00%,01-12-1984
1985,January,105.5,3.50%,0.20%,01-01-1985
1985,February,106,3.50%,0.50%,01-02-1985
1985,March,106.4,3.70%,0.40%,01-03-1985
1985,April,106.9,3.70%,0.50%,01-04-1985
1985,May,107.3,3.80%,0.40%,01-05-1985
1985,June,107.6,3.80%,0.30%,01-06-1985
1985,July,107.8,3.60%,0.20%,01-07-1985
1985,August,108,3.30%,0.20%,01-08-1985
1985,September,108.3,3.10%,0.30%,01-09-1985
1985,October,108.7,3.20%,0.40%,01-10-1985
1985,November,109,3.50%,0.30%,01-11-1985
1985,December,109.3,3.80%,0.30%,01-12-1985
1986,January,109.6,3.90%,0.30%,01-01-1986
1986,February,109.3,3.10%,-0.30%,01-02-1986
1986,March,108.8,2.30%,-0.50%,01-03-1986
1986,April,108.6,1.60%,-0.20%,01-04-1986
1986,May,108.9,1.50%,0.30%,01-05-1986
1986,June,109.5,1.80%,0.60%,01-06-1986
1986,July,109.5,1.60%,0.00%,01-07-1986
1986,August,109.7,1.60%,0.20%,01-08-1986
1986,September,110.2,1.80%,0.50%,01-09-1986
1986,October,110.3,1.50%,0.10%,01-10-1986
1986,November,110.4,1.30%,0.10%,01-11-1986
1986,December,110.5,1.10%,0.10%,01-12-1986
1987,January,111.2,1.50%,0.60%,01-01-1987
1987,February,111.6,2.10%,0.40%,01-02-1987
1987,March,112.1,3.00%,0.40%,01-03-1987
1987,April,112.7,3.80%,0.50%,01-04-1987
1987,May,113.1,3.90%,0.40%,01-05-1987
1987,June,113.5,3.70%,0.40%,01-06-1987
1987,July,113.8,3.90%,0.30%,01-07-1987
1987,August,114.4,4.30%,0.50%,01-08-1987
1987,September,115,4.40%,0.50%,01-09-1987
1987,October,115.3,4.50%,0.30%,01-10-1987
1987,November,115.4,4.50%,0.10%,01-11-1987
1987,December,115.4,4.40%,0.00%,01-12-1987
1988,January,115.7,4.00%,0.30%,01-01-1988
1988,February,116,3.90%,0.30%,01-02-1988
1988,March,116.5,3.90%,0.40%,01-03-1988
1988,April,117.1,3.90%,0.50%,01-04-1988
1988,May,117.5,3.90%,0.30%,01-05-1988
1988,June,118,4.00%,0.40%,01-06-1988
1988,July,118.5,4.10%,0.40%,01-07-1988
1988,August,119,4.00%,0.40%,01-08-1988
1988,September,119.8,4.20%,0.70%,01-09-1988
1988,October,120.2,4.20%,0.30%,01-10-1988
1988,November,120.3,4.20%,0.10%,01-11-1988
1988,December,120.5,4.40%,0.20%,01-12-1988
1989,January,121.1,4.70%,0.50%,01-01-1989
1989,February,121.6,4.80%,0.40%,01-02-1989
1989,March,122.3,5.00%,0.60%,01-03-1989
1989,April,123.1,5.10%,0.70%,01-04-1989
1989,May,123.8,5.40%,0.60%,01-05-1989
1989,June,124.1,5.20%,0.20%,01-06-1989
1989,July,124.4,5.00%,0.20%,01-07-1989
1989,August,124.6,4.70%,0.20%,01-08-1989
1989,September,125,4.30%,0.30%,01-09-1989
1989,October,125.6,4.50%,0.50%,01-10-1989
1989,November,125.9,4.70%,0.20%,01-11-1989
1989,December,126.1,4.60%,0.20%,01-12-1989
1990,January,127.4,5.20%,1.00%,01-01-1990
1990,February,128,5.30%,0.50%,01-02-1990
1990,March,128.7,5.20%,0.50%,01-03-1990
1990,April,128.9,4.70%,0.20%,01-04-1990
1990,May,129.2,4.40%,0.20%,01-05-1990
1990,June,129.9,4.70%,0.50%,01-06-1990
1990,July,130.4,4.80%,0.40%,01-07-1990
1990,August,131.6,5.60%,0.90%,01-08-1990
1990,September,132.7,6.20%,0.80%,01-09-1990
1990,October,133.5,6.30%,0.60%,01-10-1990
1990,November,133.8,6.30%,0.20%,01-11-1990
1990,December,133.8,6.10%,0.00%,01-12-1990
1991,January,134.6,5.70%,0.60%,01-01-1991
1991,February,134.8,5.30%,0.10%,01-02-1991
1991,March,135,4.90%,0.10%,01-03-1991
1991,April,135.2,4.90%,0.10%,01-04-1991
1991,May,135.6,5.00%,0.30%,01-05-1991
1991,June,136,4.70%,0.30%,01-06-1991
1991,July,136.2,4.40%,0.10%,01-07-1991
1991,August,136.6,3.80%,0.30%,01-08-1991
1991,September,137.2,3.40%,0.40%,01-09-1991
1991,October,137.4,2.90%,0.10%,01-10-1991
1991,November,137.8,3.00%,0.30%,01-11-1991
1991,December,137.9,3.10%,0.10%,01-12-1991
1992,January,138.1,2.60%,0.10%,01-01-1992
1992,February,138.6,2.80%,0.40%,01-02-1992
1992,March,139.3,3.20%,0.50%,01-03-1992
1992,April,139.5,3.20%,0.10%,01-04-1992
1992,May,139.7,3.00%,0.10%,01-05-1992
1992,June,140.2,3.10%,0.40%,01-06-1992
1992,July,140.5,3.20%,0.20%,01-07-1992
1992,August,140.9,3.10%,0.30%,01-08-1992
1992,September,141.3,3.00%,0.30%,01-09-1992
1992,October,141.8,3.20%,0.40%,01-10-1992
1992,November,142,3.00%,0.10%,01-11-1992
1992,December,141.9,2.90%,-0.10%,01-12-1992
1993,January,142.6,3.30%,0.50%,01-01-1993
1993,February,143.1,3.20%,0.40%,01-02-1993
1993,March,143.6,3.10%,0.30%,01-03-1993
1993,April,144,3.20%,0.30%,01-04-1993
1993,May,144.2,3.20%,0.10%,01-05-1993
1993,June,144.4,3.00%,0.10%,01-06-1993
1993,July,144.4,2.80%,0.00%,01-07-1993
1993,August,144.8,2.80%,0.30%,01-08-1993
1993,September,145.1,2.70%,0.20%,01-09-1993
1993,October,145.7,2.80%,0.40%,01-10-1993
1993,November,145.8,2.70%,0.10%,01-11-1993
1993,December,145.8,2.70%,0.00%,01-12-1993
1994,January,146.2,2.50%,0.30%,01-01-1994
1994,February,146.7,2.50%,0.30%,01-02-1994
1994,March,147.2,2.50%,0.30%,01-03-1994
1994,April,147.4,2.40%,0.10%,01-04-1994
1994,May,147.5,2.30%,0.10%,01-05-1994
1994,June,148,2.50%,0.30%,01-06-1994
1994,July,148.4,2.80%,0.30%,01-07-1994
1994,August,149,2.90%,0.40%,01-08-1994
1994,September,149.4,3.00%,0.30%,01-09-1994
1994,October,149.5,2.60%,0.10%,01-10-1994
1994,November,149.7,2.70%,0.10%,01-11-1994
1994,December,149.7,2.70%,0.00%,01-12-1994
1995,January,150.3,2.80%,0.40%,01-01-1995
1995,February,150.9,2.90%,0.40%,01-02-1995
1995,March,151.4,2.90%,0.30%,01-03-1995
1995,April,151.9,3.10%,0.30%,01-04-1995
1995,May,152.2,3.20%,0.20%,01-05-1995
1995,June,152.5,3.00%,0.20%,01-06-1995
1995,July,152.5,2.80%,0.00%,01-07-1995
1995,August,152.9,2.60%,0.30%,01-08-1995
1995,September,153.2,2.50%,0.20%,01-09-1995
1995,October,153.7,2.80%,0.30%,01-10-1995
1995,November,153.6,2.60%,-0.10%,01-11-1995
1995,December,153.5,2.50%,-0.10%,01-12-1995
1996,January,154.4,2.70%,0.60%,01-01-1996
1996,February,154.9,2.70%,0.30%,01-02-1996
1996,March,155.7,2.80%,0.50%,01-03-1996
1996,April,156.3,2.90%,0.40%,01-04-1996
1996,May,156.6,2.90%,0.20%,01-05-1996
1996,June,156.7,2.80%,0.10%,01-06-1996
1996,July,157,3.00%,0.20%,01-07-1996
1996,August,157.3,2.90%,0.20%,01-08-1996
1996,September,157.8,3.00%,0.30%,01-09-1996
1996,October,158.3,3.00%,0.30%,01-10-1996
1996,November,158.6,3.30%,0.20%,01-11-1996
1996,December,158.6,3.30%,0.00%,01-12-1996
1997,January,159.1,3.00%,0.30%,01-01-1997
1997,February,159.6,3.00%,0.30%,01-02-1997
1997,March,160,2.80%,0.30%,01-03-1997
1997,April,160.2,2.50%,0.10%,01-04-1997
1997,May,160.1,2.20%,-0.10%,01-05-1997
1997,June,160.3,2.30%,0.10%,01-06-1997
1997,July,160.5,2.20%,0.10%,01-07-1997
1997,August,160.8,2.20%,0.20%,01-08-1997
1997,September,161.2,2.20%,0.20%,01-09-1997
1997,October,161.6,2.10%,0.20%,01-10-1997
1997,November,161.5,1.80%,-0.10%,01-11-1997
1997,December,161.3,1.70%,-0.10%,01-12-1997
1998,January,161.6,1.60%,0.20%,01-01-1998
1998,February,161.9,1.40%,0.20%,01-02-1998
1998,March,162.2,1.40%,0.20%,01-03-1998
1998,April,162.5,1.40%,0.20%,01-04-1998
1998,May,162.8,1.70%,0.20%,01-05-1998
1998,June,163,1.70%,0.10%,01-06-1998
1998,July,163.2,1.70%,0.10%,01-07-1998
1998,August,163.4,1.60%,0.10%,01-08-1998
1998,September,163.6,1.50%,0.10%,01-09-1998
1998,October,164,1.50%,0.20%,01-10-1998
1998,November,164,1.50%,0.00%,01-11-1998
1998,December,163.9,1.60%,-0.10%,01-12-1998
1999,January,164.3,1.70%,0.20%,01-01-1999
1999,February,164.5,1.60%,0.10%,01-02-1999
1999,March,165,1.70%,0.30%,01-03-1999
1999,April,166.2,2.30%,0.70%,01-04-1999
1999,May,166.2,2.10%,0.00%,01-05-1999
1999,June,166.2,2.00%,0.00%,01-06-1999
1999,July,166.7,2.10%,0.30%,01-07-1999
1999,August,167.1,2.30%,0.20%,01-08-1999
1999,September,167.9,2.60%,0.50%,01-09-1999
1999,October,168.2,2.60%,0.20%,01-10-1999
1999,November,168.3,2.60%,0.10%,01-11-1999
1999,December,168.3,2.70%,0.00%,01-12-1999
2000,January,168.8,2.70%,0.30%,01-01-2000
2000,February,169.8,3.20%,0.60%,01-02-2000
2000,March,171.2,3.80%,0.80%,01-03-2000
2000,April,171.3,3.10%,0.10%,01-04-2000
2000,May,171.5,3.20%,0.10%,01-05-2000
2000,June,172.4,3.70%,0.50%,01-06-2000
2000,July,172.8,3.70%,0.20%,01-07-2000
2000,August,172.8,3.40%,0.00%,01-08-2000
2000,September,173.7,3.50%,0.50%,01-09-2000
2000,October,174,3.40%,0.20%,01-10-2000
2000,November,174.1,3.40%,0.10%,01-11-2000
2000,December,174,3.40%,-0.10%,01-12-2000
2001,January,175.1,3.70%,0.60%,01-01-2001
2001,February,175.8,3.50%,0.40%,01-02-2001
2001,March,176.2,2.90%,0.20%,01-03-2001
2001,April,176.9,3.30%,0.40%,01-04-2001
2001,May,177.7,3.60%,0.50%,01-05-2001
2001,June,178,3.20%,0.20%,01-06-2001
2001,July,177.5,2.70%,-0.30%,01-07-2001
2001,August,177.5,2.70%,0.00%,01-08-2001
2001,September,178.3,2.60%,0.50%,01-09-2001
2001,October,177.7,2.10%,-0.30%,01-10-2001
2001,November,177.4,1.90%,-0.20%,01-11-2001
2001,December,176.7,1.60%,-0.40%,01-12-2001
2002,January,177.1,1.10%,0.20%,01-01-2002
2002,February,177.8,1.10%,0.40%,01-02-2002
2002,March,178.8,1.50%,0.60%,01-03-2002
2002,April,179.8,1.60%,0.60%,01-04-2002
2002,May,179.8,1.20%,0.00%,01-05-2002
2002,June,179.9,1.10%,0.10%,01-06-2002
2002,July,180.1,1.50%,0.10%,01-07-2002
2002,August,180.7,1.80%,0.30%,01-08-2002
2002,September,181,1.50%,0.20%,01-09-2002
2002,October,181.3,2.00%,0.20%,01-10-2002
2002,November,181.3,2.20%,0.00%,01-11-2002
2002,December,180.9,2.40%,-0.20%,01-12-2002
2003,January,181.7,2.60%,0.40%,01-01-2003
2003,February,183.1,3.00%,0.80%,01-02-2003
2003,March,184.2,3.00%,0.60%,01-03-2003
2003,April,183.8,2.20%,-0.20%,01-04-2003
2003,May,183.5,2.10%,-0.20%,01-05-2003
2003,June,183.7,2.10%,0.10%,01-06-2003
2003,July,183.9,2.10%,0.10%,01-07-2003
2003,August,184.6,2.20%,0.40%,01-08-2003
2003,September,185.2,2.30%,0.30%,01-09-2003
2003,October,185,2.00%,-0.10%,01-10-2003
2003,November,184.5,1.80%,-0.30%,01-11-2003
2003,December,184.3,1.90%,-0.10%,01-12-2003
2004,January,185.2,1.90%,0.50%,01-01-2004
2004,February,186.2,1.70%,0.50%,01-02-2004
2004,March,187.4,1.70%,0.60%,01-03-2004
2004,April,188,2.30%,0.30%,01-04-2004
2004,May,189.1,3.10%,0.60%,01-05-2004
2004,June,189.7,3.30%,0.30%,01-06-2004
2004,July,189.4,3.00%,-0.20%,01-07-2004
2004,August,189.5,2.70%,0.10%,01-08-2004
2004,September,189.9,2.50%,0.20%,01-09-2004
2004,October,190.9,3.20%,0.50%,01-10-2004
2004,November,191,3.50%,0.10%,01-11-2004
2004,December,190.3,3.30%,-0.40%,01-12-2004
2005,January,190.7,3.00%,0.20%,01-01-2005
2005,February,191.8,3.00%,0.60%,01-02-2005
2005,March,193.3,3.10%,0.80%,01-03-2005
2005,April,194.6,3.50%,0.70%,01-04-2005
2005,May,194.4,2.80%,-0.10%,01-05-2005
2005,June,194.5,2.50%,0.10%,01-06-2005
2005,July,195.4,3.20%,0.50%,01-07-2005
2005,August,196.4,3.60%,0.50%,01-08-2005
2005,September,198.8,4.70%,1.20%,01-09-2005
2005,October,199.2,4.30%,0.20%,01-10-2005
2005,November,197.6,3.50%,-0.80%,01-11-2005
2005,December,196.8,3.40%,-0.40%,01-12-2005
2006,January,198.3,4.00%,0.80%,01-01-2006
2006,February,198.7,3.60%,0.20%,01-02-2006
2006,March,199.8,3.40%,0.60%,01-03-2006
2006,April,201.5,3.50%,0.90%,01-04-2006
2006,May,202.5,4.20%,0.50%,01-05-2006
2006,June,202.9,4.30%,0.20%,01-06-2006
2006,July,203.5,4.10%,0.30%,01-07-2006
2006,August,203.9,3.80%,0.20%,01-08-2006
2006,September,202.9,2.10%,-0.50%,01-09-2006
2006,October,201.8,1.30%,-0.50%,01-10-2006
2006,November,201.5,2.00%,-0.10%,01-11-2006
2006,December,201.8,2.50%,0.10%,01-12-2006
2007,January,202.4,2.10%,0.30%,01-01-2007
2007,February,203.5,2.40%,0.50%,01-02-2007
2007,March,205.4,2.80%,0.90%,01-03-2007
2007,April,206.7,2.60%,0.60%,01-04-2007
2007,May,207.9,2.70%,0.60%,01-05-2007
2007,June,208.4,2.70%,0.20%,01-06-2007
2007,July,208.3,2.40%,0.00%,01-07-2007
2007,August,207.9,2.00%,-0.20%,01-08-2007
2007,September,208.5,2.80%,0.30%,01-09-2007
2007,October,208.9,3.50%,0.20%,01-10-2007
2007,November,210.2,4.30%,0.60%,01-11-2007
2007,December,210,4.10%,-0.10%,01-12-2007
2008,January,211.1,4.30%,0.50%,01-01-2008
2008,February,211.7,4.00%,0.30%,01-02-2008
2008,March,213.5,4.00%,0.90%,01-03-2008
2008,April,214.8,3.90%,0.60%,01-04-2008
2008,May,216.6,4.20%,0.80%,01-05-2008
2008,June,218.8,5.00%,1.00%,01-06-2008
2008,July,220,5.60%,0.50%,01-07-2008
2008,August,219.1,5.40%,-0.40%,01-08-2008
2008,September,218.8,4.90%,-0.10%,01-09-2008
2008,October,216.6,3.70%,-1.00%,01-10-2008
2008,November,212.4,1.10%,-1.90%,01-11-2008
2008,December,210.2,0.10%,-1.00%,01-12-2008
2009,January,211.1,0.00%,0.40%,01-01-2009
2009,February,212.2,0.20%,0.50%,01-02-2009
2009,March,212.7,-0.40%,0.20%,01-03-2009
2009,April,213.2,-0.70%,0.20%,01-04-2009
2009,May,213.9,-1.30%,0.30%,01-05-2009
2009,June,215.7,-1.40%,0.90%,01-06-2009
2009,July,215.4,-2.10%,-0.20%,01-07-2009
2009,August,215.8,-1.50%,0.20%,01-08-2009
2009,September,216,-1.30%,0.10%,01-09-2009
2009,October,216.2,-0.20%,0.10%,01-10-2009
2009,November,216.3,1.80%,0.10%,01-11-2009
2009,December,215.9,2.70%,-0.20%,01-12-2009
2010,January,216.7,2.60%,0.30%,01-01-2010
2010,February,216.7,2.10%,0.00%,01-02-2010
2010,March,217.6,2.30%,0.40%,01-03-2010
2010,April,218,2.20%,0.20%,01-04-2010
2010,May,218.2,2.00%,0.10%,01-05-2010
2010,June,218,1.10%,-0.10%,01-06-2010
2010,July,218,1.20%,0.00%,01-07-2010
2010,August,218.3,1.10%,0.10%,01-08-2010
2010,September,218.4,1.10%,0.10%,01-09-2010
2010,October,218.7,1.20%,0.10%,01-10-2010
2010,November,218.8,1.10%,0.00%,01-11-2010
2010,December,219.2,1.50%,0.20%,01-12-2010
2011,January,220.2,1.60%,0.50%,01-01-2011
2011,February,221.3,2.10%,0.50%,01-02-2011
2011,March,223.5,2.70%,1.00%,01-03-2011
2011,April,224.9,3.20%,0.60%,01-04-2011
2011,May,226,3.60%,0.50%,01-05-2011
2011,June,225.7,3.60%,-0.10%,01-06-2011
2011,July,225.9,3.60%,0.00%,01-07-2011
2011,August,226.5,3.80%,0.30%,01-08-2011
2011,September,226.9,3.90%,0.20%,01-09-2011
2011,October,226.4,3.50%,-0.20%,01-10-2011
2011,November,226.2,3.40%,0.00%,01-11-2011
2011,December,225.7,3.00%,-0.20%,01-12-2011
2012,January,226.7,2.90%,0.40%,01-01-2012
2012,February,227.7,2.90%,0.40%,01-02-2012
2012,March,229.4,2.70%,0.80%,01-03-2012
2012,April,230.1,2.30%,0.30%,01-04-2012
2012,May,229.8,1.70%,-0.10%,01-05-2012
2012,June,229.5,1.70%,-0.10%,01-06-2012
2012,July,229.1,1.40%,-0.20%,01-07-2012
2012,August,230.4,1.70%,0.60%,01-08-2012
2012,September,231.4,2.00%,0.40%,01-09-2012
2012,October,231.3,2.20%,0.00%,01-10-2012
2012,November,230.2,1.80%,-0.50%,01-11-2012
2012,December,229.6,1.70%,-0.30%,01-12-2012
2013,January,230.3,1.60%,0.30%,01-01-2013
2013,February,232.2,2.00%,0.80%,01-02-2013
2013,March,232.8,1.50%,0.30%,01-03-2013
2013,April,232.5,1.10%,-0.10%,01-04-2013
2013,May,232.9,1.40%,0.20%,01-05-2013
2013,June,233.5,1.80%,0.20%,01-06-2013
2013,July,233.6,2.00%,0.00%,01-07-2013
2013,August,233.9,1.50%,0.10%,01-08-2013
2013,September,234.1,1.20%,0.10%,01-09-2013
2013,October,233.5,1.00%,-0.30%,01-10-2013
2013,November,233.1,1.20%,-0.20%,01-11-2013
2013,December,233,1.50%,0.00%,01-12-2013
2014,January,233.9,1.60%,0.40%,01-01-2014
2014,February,234.8,1.10%,0.40%,01-02-2014
2014,March,236.3,1.50%,0.60%,01-03-2014
2014,April,237.1,2.00%,0.30%,01-04-2014
2014,May,237.9,2.10%,0.30%,01-05-2014
2014,June,238.3,2.10%,0.20%,01-06-2014
2014,July,238.3,2.00%,0.00%,01-07-2014
2014,August,237.9,1.70%,-0.20%,01-08-2014
2014,September,238,1.70%,0.10%,01-09-2014
2014,October,237.4,1.70%,-0.30%,01-10-2014
2014,November,236.2,1.30%,-0.50%,01-11-2014
2014,December,234.8,0.80%,-0.60%,01-12-2014
2015,January,233.7,0.00%,-0.50%,01-01-2015
2015,February,234.7,0.00%,0.40%,01-02-2015
2015,March,236.1,-0.10%,0.60%,01-03-2015
2015,April,236.6,-0.20%,0.20%,01-04-2015
2015,May,237.8,0.00%,0.50%,01-05-2015
2015,June,238.6,0.10%,0.40%,01-06-2015
2015,July,238.7,0.20%,0.00%,01-07-2015
2015,August,238.3,0.20%,-0.10%,01-08-2015
2015,September,237.9,0.00%,-0.20%,01-09-2015
2015,October,237.8,0.20%,0.00%,01-10-2015
2015,November,237.3,0.50%,-0.20%,01-11-2015
2015,December,236.5,0.70%,-0.30%,01-12-2015
2016,January,236.9,1.40%,0.20%,01-01-2016
2016,February,237.1,1.00%,0.10%,01-02-2016
2016,March,238.1,0.90%,0.40%,01-03-2016
2016,April,239.3,1.10%,0.50%,01-04-2016
2016,May,240.2,1.00%,0.40%,01-05-2016
2016,June,241,1.00%,0.30%,01-06-2016
2016,July,240.6,0.80%,-0.20%,01-07-2016
2016,August,240.9,1.10%,0.10%,01-08-2016
2016,September,241.4,1.50%,0.20%,01-09-2016
2016,October,241.7,1.60%,0.10%,01-10-2016
2016,November,241.4,1.70%,-0.20%,01-11-2016
2016,December,241.4,2.10%,0.00%,01-12-2016
2017,January,242.8,2.50%,0.60%,01-01-2017
2017,February,243.6,2.70%,0.30%,01-02-2017
2017,March,243.8,2.40%,0.10%,01-03-2017
2017,April,236.9,2.50%,0.60%,01-04-2017
2017,May,244.7,1.90%,0.10%,01-05-2017
2017,June,245,1.60%,0.10%,01-06-2017
2017,July,244.8,1.70%,-0.10%,01-07-2017
2017,August,245.5,1.90%,0.30%,01-08-2017
2017,September,246.8,2.20%,0.50%,01-09-2017
2017,October,246.7,2.00%,-0.10%,01-10-2017
2017,November,246.7,2.20%,0.00%,01-11-2017
2017,December,246.5,2.10%,-0.10%,01-12-2017
2018,January,247.9,2.10%,0.50%,01-01-2018
2018,February,249,2.20%,0.50%,01-02-2018
2018,March,249.6,2.40%,0.20%,01-03-2018
2018,April,250.5,2.50%,0.40%,01-04-2018
2018,May,251.6,2.80%,0.40%,01-05-2018
2018,June,252,2.90%,0.20%,01-06-2018
2018,July,252,2.90%,0.00%,01-07-2018
2018,August,252.1,2.70%,0.10%,01-08-2018
2018,September,252.4,2.30%,0.10%,01-09-2018
2018,October,252.9,2.50%,0.20%,01-10-2018
2018,November,252,2.20%,-0.30%,01-11-2018
2018,December,251.2,1.90%,-0.30%,01-12-2018
2019,January,251.7,1.60%,0.20%,01-01-2019
2019,February,252.8,1.50%,0.40%,01-02-2019
2019,March,254.2,1.90%,0.60%,01-03-2019
2019,April,255.5,2.00%,0.50%,01-04-2019
2019,May,256.1,1.80%,0.20%,01-05-2019
2019,June,256.1,1.60%,0.00%,01-06-2019
2019,July,256.6,1.80%,0.20%,01-07-2019
2019,August,256.6,1.70%,0.00%,01-08-2019
2019,September,256.8,1.70%,0.10%,01-09-2019
2019,October,257.3,1.80%,0.20%,01-10-2019
2019,November,257.2,2.10%,-0.10%,01-11-2019
2019,December,257,2.30%,-0.10%,01-12-2019
2020,January,258,2.50%,0.40%,01-01-2020
2020,February,258.7,2.30%,0.30%,01-02-2020
2020,March,258.1,1.50%,-0.20%,01-03-2020
2020,April,256.4,0.30%,-0.70%,01-04-2020
2020,May,256.4,0.10%,0.00%,01-05-2020
2020,June,257.8,0.60%,0.50%,01-06-2020
2020,July,259.1,1.00%,0.50%,01-07-2020
2020,August,259.9,1.30%,0.30%,01-08-2020
2020,September,260.3,1.40%,0.10%,01-09-2020
2020,October,260.4,1.20%,0.00%,01-10-2020
2020,November,260.2,1.20%,-0.10%,01-11-2020
2020,December,260.5,1.40%,0.10%,01-12-2020
2021,January,261.6,1.40%,0.40%,01-01-2021
2021,February,263,1.70%,0.50%,01-02-2021
2021,March,264.9,2.60%,0.70%,01-03-2021
2021,April,267.1,4.20%,0.80%,01-04-2021
2021,May,269.2,5.00%,0.80%,01-05-2021
2021,June,271.7,5.40%,0.90%,01-06-2021
2021,July,273,5.40%,0.50%,01-07-2021
2021,August,273.6,5.30%,0.20%,01-08-2021
2021,September,273.6,5.30%,0.20%,01-09-2021
2021,October,276.6,6.20%,0.80%,01-10-2021
2021,November,277.9,6.80%,0.50%,01-11-2021
2021,December,278.8,7.00%,0.30%,01-12-2021
2022,January,281.1,7.50%,0.80%,01-01-2022
2022,February,283.7,7.90%,0.90%,01-02-2022
2022,March,287.5,8.50%,1.30%,01-03-2022
2022,April,289.1,8.30%,0.60%,01-04-2022
2022,May,292.3,8.60%,1.10%,01-05-2022
2022,June,296.3,9.10%,1.40%,01-06-2022
2022,July,296.3,8.50%,0.00%,01-07-2022
2022,August,296.2,8.30%,0.00%,01-08-2022
2022,September,296.8,8.20%,0.20%,01-09-2022
2022,October,298,7.70%,0.40%,01-10-2022
2022,November,297.7,7.10%,-0.10%,01-11-2022
2022,December,296.8,6.50%,-0.30%,01-12-2022
2023,January,299.2,6.40%,0.80%,01-01-2023
2023,February,300.8,6.00%,0.60%,01-02-2023
2023,March,301.8,5.00%,0.30%,01-03-2023
2023,April,303.4,4.90%,0.50%,01-04-2023
2023,May,304.1,4.00%,0.30%,01-05-2023
2023,June,305.1,3.00%,0.30%,01-06-2023
2023,July,305.7,3.20%,0.20%,01-07-2023
2023,August,307,3.70%,0.40%,01-08-2023
2023,September,307.8,3.70%,0.20%,01-09-2023
2023,October,307.7,3.20%,0.00%,01-10-2023
2023,November,307.1,3.10%,-0.20%,01-11-2023
2023,December,306.7,3.40%,-0.10%,01-12-2023
2024,January,308.4,3.10%,0.50%,01-01-2024
2024,February,310.3,3.20%,0.60%,01-02-2024
2024,March,312.3,3.50%,0.60%,01-03-2024
2024,April,313.5,3.40%,0.40%,01-04-2024
Source: US Bureau of Labor Statistics,,,,,
